product_id;store_id;available_stock;inventario_id
PRD0001;1;44;INV000001
PRD0001;2;47;INV000002
PRD0001;3;64;INV000003
PRD0001;4;67;INV000004
PRD0001;5;67;INV000005
PRD0001;6;9;INV000006
PRD0001;7;-83;INV000007
PRD0001;8;21;INV000008
PRD0001;9;36;INV000009
PRD0001;10;87;INV000010
PRD0001;11;70;INV000011
PRD0001;12;88;INV000012
PRD0001;13;88;INV000013
PRD0001;14;12;INV000014
PRD0001;15;58;INV000015
PRD0002;1;65;INV000016
PRD0002;2;39;INV000017
PRD0002;3;-87;INV000018
PRD0002;4;46;INV000019
PRD0002;5;88;INV000020
PRD0002;6;81;INV000021
PRD0002;7;37;INV000022
PRD0002;8;25;INV000023
PRD0002;9;77;INV000024
PRD0002;10;72;INV000025
PRD0002;11;9;INV000026
PRD0002;12;20;INV000027
PRD0002;13;80;INV000028
PRD0002;14;69;INV000029
PRD0002;15;79;INV000030
PRD0003;1;-47;INV000031
PRD0003;2;64;INV000032
PRD0003;3;82;INV000033
PRD0003;4;99;INV000034
PRD0003;5;88;INV000035
PRD0003;6;49;INV000036
PRD0003;7;29;INV000037
PRD0003;8;19;INV000038
PRD0003;9;19;INV000039
PRD0003;10;-14;INV000040
PRD0003;11;39;INV000041
PRD0003;12;32;INV000042
PRD0003;13;65;INV000043
PRD0003;14;9;INV000044
PRD0003;15;57;INV000045
PRD0004;1;32;INV000046
PRD0004;2;31;INV000047
PRD0004;3;74;INV000048
PRD0004;4;23;INV000049
PRD0004;5;35;INV000050
PRD0004;6;75;INV000051
PRD0004;7;55;INV000052
PRD0004;8;28;INV000053
PRD0004;9;34;INV000054
PRD0004;10;0;INV000055
PRD0004;11;0;INV000056
PRD0004;12;36;INV000057
PRD0004;13;53;INV000058
PRD0004;14;5;INV000059
PRD0004;15;38;INV000060
PRD0005;1;17;INV000061
PRD0005;2;79;INV000062
PRD0005;3;-4;INV000063
PRD0005;4;42;INV000064
PRD0005;5;58;INV000065
PRD0005;6;31;INV000066
PRD0005;7;1;INV000067
PRD0005;8;65;INV000068
PRD0005;9;41;INV000069
PRD0005;10;57;INV000070
PRD0005;11;-35;INV000071
PRD0005;12;11;INV000072
PRD0005;13;46;INV000073
PRD0005;14;82;INV000074
PRD0005;15;91;INV000075
PRD0006;1;0;INV000076
PRD0006;2;-14;INV000077
PRD0006;3;99;INV000078
PRD0006;4;53;INV000079
PRD0006;5;-12;INV000080
PRD0006;6;42;INV000081
PRD0006;7;84;INV000082
PRD0006;8;75;INV000083
PRD0006;9;68;INV000084
PRD0006;10;6;INV000085
PRD0006;11;68;INV000086
PRD0006;12;47;INV000087
PRD0006;13;3;INV000088
PRD0006;14;76;INV000089
PRD0006;15;52;INV000090
PRD0007;1;78;INV000091
PRD0007;2;15;INV000092
PRD0007;3;20;INV000093
PRD0007;4;99;INV000094
PRD0007;5;58;INV000095
PRD0007;6;23;INV000096
PRD0007;7;79;INV000097
PRD0007;8;13;INV000098
PRD0007;9;85;INV000099
PRD0007;10;48;INV000100
PRD0007;11;49;INV000101
PRD0007;12;69;INV000102
PRD0007;13;41;INV000103
PRD0007;14;35;INV000104
PRD0007;15;64;INV000105
PRD0008;1;95;INV000106
PRD0008;2;69;INV000107
PRD0008;3;94;INV000108
PRD0008;4;0;INV000109
PRD0008;5;50;INV000110
PRD0008;6;36;INV000111
PRD0008;7;34;INV000112
PRD0008;8;48;INV000113
PRD0008;9;93;INV000114
PRD0008;10;3;INV000115
PRD0008;11;98;INV000116
PRD0008;12;42;INV000117
PRD0008;13;77;INV000118
PRD0008;14;21;INV000119
PRD0008;15;73;INV000120
PRD0009;1;0;INV000121
PRD0009;2;10;INV000122
PRD0009;3;43;INV000123
PRD0009;4;58;INV000124
PRD0009;5;23;INV000125
PRD0009;6;59;INV000126
PRD0009;7;2;INV000127
PRD0009;8;-98;INV000128
PRD0009;9;62;INV000129
PRD0009;10;35;INV000130
PRD0009;11;94;INV000131
PRD0009;12;67;INV000132
PRD0009;13;82;INV000133
PRD0009;14;46;INV000134
PRD0009;15;99;INV000135
PRD0010;1;20;INV000136
PRD0010;2;81;INV000137
PRD0010;3;50;INV000138
PRD0010;4;27;INV000139
PRD0010;5;14;INV000140
PRD0010;6;41;INV000141
PRD0010;7;58;INV000142
PRD0010;8;65;INV000143
PRD0010;9;36;INV000144
PRD0010;10;10;INV000145
PRD0010;11;86;INV000146
PRD0010;12;43;INV000147
PRD0010;13;11;INV000148
PRD0010;14;2;INV000149
PRD0010;15;51;INV000150
PRD0011;1;80;INV000151
PRD0011;2;32;INV000152
PRD0011;3;54;INV000153
PRD0011;4;0;INV000154
PRD0011;5;38;INV000155
PRD0011;6;19;INV000156
PRD0011;7;46;INV000157
PRD0011;8;42;INV000158
PRD0011;9;56;INV000159
PRD0011;10;60;INV000160
PRD0011;11;77;INV000161
PRD0011;12;30;INV000162
PRD0011;13;24;INV000163
PRD0011;14;2;INV000164
PRD0011;15;3;INV000165
PRD0012;1;94;INV000166
PRD0012;2;98;INV000167
PRD0012;3;13;INV000168
PRD0012;4;40;INV000169
PRD0012;5;72;INV000170
PRD0012;6;19;INV000171
PRD0012;7;95;INV000172
PRD0012;8;72;INV000173
PRD0012;9;-26;INV000174
PRD0012;10;66;INV000175
PRD0012;11;52;INV000176
PRD0012;12;67;INV000177
PRD0012;13;61;INV000178
PRD0012;14;14;INV000179
PRD0012;15;96;INV000180
PRD0013;1;4;INV000181
PRD0013;2;67;INV000182
PRD0013;3;11;INV000183
PRD0013;4;86;INV000184
PRD0013;5;77;INV000185
PRD0013;6;75;INV000186
PRD0013;7;56;INV000187
PRD0013;8;-16;INV000188
PRD0013;9;24;INV000189
PRD0013;10;29;INV000190
PRD0013;11;21;INV000191
PRD0013;12;-25;INV000192
PRD0013;13;80;INV000193
PRD0013;14;60;INV000194
PRD0013;15;61;INV000195
PRD0014;1;-83;INV000196
PRD0014;2;33;INV000197
PRD0014;3;32;INV000198
PRD0014;4;70;INV000199
PRD0014;5;85;INV000200
PRD0014;6;31;INV000201
PRD0014;7;13;INV000202
PRD0014;8;71;INV000203
PRD0014;9;56;INV000204
PRD0014;10;24;INV000205
PRD0014;11;79;INV000206
PRD0014;12;41;INV000207
PRD0014;13;18;INV000208
PRD0014;14;40;INV000209
PRD0014;15;54;INV000210
PRD0015;1;79;INV000211
PRD0015;2;11;INV000212
PRD0015;3;38;INV000213
PRD0015;4;93;INV000214
PRD0015;5;1;INV000215
PRD0015;6;95;INV000216
PRD0015;7;44;INV000217
PRD0015;8;88;INV000218
PRD0015;9;-24;INV000219
PRD0015;10;67;INV000220
PRD0015;11;82;INV000221
PRD0015;12;3;INV000222
PRD0015;13;76;INV000223
PRD0015;14;35;INV000224
PRD0015;15;86;INV000225
PRD0016;1;61;INV000226
PRD0016;2;69;INV000227
PRD0016;3;87;INV000228
PRD0016;4;43;INV000229
PRD0016;5;32;INV000230
PRD0016;6;11;INV000231
PRD0016;7;84;INV000232
PRD0016;8;10;INV000233
PRD0016;9;54;INV000234
PRD0016;10;37;INV000235
PRD0016;11;28;INV000236
PRD0016;12;2;INV000237
PRD0016;13;27;INV000238
PRD0016;14;83;INV000239
PRD0016;15;89;INV000240
PRD0017;1;23;INV000241
PRD0017;2;53;INV000242
PRD0017;3;51;INV000243
PRD0017;4;46;INV000244
PRD0017;5;20;INV000245
PRD0017;6;53;INV000246
PRD0017;7;29;INV000247
PRD0017;8;67;INV000248
PRD0017;9;35;INV000249
PRD0017;10;39;INV000250
PRD0017;11;9;INV000251
PRD0017;12;73;INV000252
PRD0017;13;41;INV000253
PRD0017;14;23;INV000254
PRD0017;15;3;INV000255
PRD0018;1;46;INV000256
PRD0018;2;90;INV000257
PRD0018;3;50;INV000258
PRD0018;4;3;INV000259
PRD0018;5;31;INV000260
PRD0018;6;9;INV000261
PRD0018;7;10;INV000262
PRD0018;8;27;INV000263
PRD0018;9;45;INV000264
PRD0018;10;71;INV000265
PRD0018;11;39;INV000266
PRD0018;12;61;INV000267
PRD0018;13;85;INV000268
PRD0018;14;97;INV000269
PRD0018;15;44;INV000270
PRD0019;1;34;INV000271
PRD0019;2;34;INV000272
PRD0019;3;88;INV000273
PRD0019;4;33;INV000274
PRD0019;5;5;INV000275
PRD0019;6;36;INV000276
PRD0019;7;0;INV000277
PRD0019;8;75;INV000278
PRD0019;9;34;INV000279
PRD0019;10;69;INV000280
PRD0019;11;53;INV000281
PRD0019;12;80;INV000282
PRD0019;13;62;INV000283
PRD0019;14;8;INV000284
PRD0019;15;61;INV000285
PRD0020;1;1;INV000286
PRD0020;2;81;INV000287
PRD0020;3;35;INV000288
PRD0020;4;91;INV000289
PRD0020;5;-40;INV000290
PRD0020;6;36;INV000291
PRD0020;7;48;INV000292
PRD0020;8;25;INV000293
PRD0020;9;67;INV000294
PRD0020;10;35;INV000295
PRD0020;11;30;INV000296
PRD0020;12;29;INV000297
PRD0020;13;33;INV000298
PRD0020;14;18;INV000299
PRD0020;15;17;INV000300
PRD0021;1;93;INV000301
PRD0021;2;84;INV000302
PRD0021;3;2;INV000303
PRD0021;4;69;INV000304
PRD0021;5;12;INV000305
PRD0021;6;44;INV000306
PRD0021;7;66;INV000307
PRD0021;8;91;INV000308
PRD0021;9;85;INV000309
PRD0021;10;39;INV000310
PRD0021;11;39;INV000311
PRD0021;12;75;INV000312
PRD0021;13;22;INV000313
PRD0021;14;30;INV000314
PRD0021;15;17;INV000315
PRD0022;1;70;INV000316
PRD0022;2;-71;INV000317
PRD0022;3;18;INV000318
PRD0022;4;92;INV000319
PRD0022;5;43;INV000320
PRD0022;6;83;INV000321
PRD0022;7;49;INV000322
PRD0022;8;41;INV000323
PRD0022;9;93;INV000324
PRD0022;10;46;INV000325
PRD0022;11;21;INV000326
PRD0022;12;73;INV000327
PRD0022;13;89;INV000328
PRD0022;14;96;INV000329
PRD0022;15;91;INV000330
PRD0023;1;73;INV000331
PRD0023;2;28;INV000332
PRD0023;3;81;INV000333
PRD0023;4;58;INV000334
PRD0023;5;0;INV000335
PRD0023;6;86;INV000336
PRD0023;7;63;INV000337
PRD0023;8;16;INV000338
PRD0023;9;36;INV000339
PRD0023;10;94;INV000340
PRD0023;11;24;INV000341
PRD0023;12;63;INV000342
PRD0023;13;67;INV000343
PRD0023;14;51;INV000344
PRD0023;15;8;INV000345
PRD0024;1;56;INV000346
PRD0024;2;91;INV000347
PRD0024;3;93;INV000348
PRD0024;4;87;INV000349
PRD0024;5;32;INV000350
PRD0024;6;19;INV000351
PRD0024;7;72;INV000352
PRD0024;8;71;INV000353
PRD0024;9;87;INV000354
PRD0024;10;13;INV000355
PRD0024;11;58;INV000356
PRD0024;12;81;INV000357
PRD0024;13;55;INV000358
PRD0024;14;64;INV000359
PRD0024;15;75;INV000360
PRD0025;1;92;INV000361
PRD0025;2;36;INV000362
PRD0025;3;25;INV000363
PRD0025;4;32;INV000364
PRD0025;5;42;INV000365
PRD0025;6;14;INV000366
PRD0025;7;86;INV000367
PRD0025;8;28;INV000368
PRD0025;9;20;INV000369
PRD0025;10;82;INV000370
PRD0025;11;68;INV000371
PRD0025;12;22;INV000372
PRD0025;13;99;INV000373
PRD0025;14;83;INV000374
PRD0025;15;7;INV000375
PRD0026;1;72;INV000376
PRD0026;2;61;INV000377
PRD0026;3;13;INV000378
PRD0026;4;5;INV000379
PRD0026;5;0;INV000380
PRD0026;6;8;INV000381
PRD0026;7;79;INV000382
PRD0026;8;79;INV000383
PRD0026;9;53;INV000384
PRD0026;10;11;INV000385
PRD0026;11;4;INV000386
PRD0026;12;39;INV000387
PRD0026;13;-92;INV000388
PRD0026;14;45;INV000389
PRD0026;15;26;INV000390
PRD0027;1;74;INV000391
PRD0027;2;52;INV000392
PRD0027;3;49;INV000393
PRD0027;4;91;INV000394
PRD0027;5;51;INV000395
PRD0027;6;99;INV000396
PRD0027;7;18;INV000397
PRD0027;8;34;INV000398
PRD0027;9;51;INV000399
PRD0027;10;30;INV000400
PRD0027;11;53;INV000401
PRD0027;12;58;INV000402
PRD0027;13;43;INV000403
PRD0027;14;55;INV000404
PRD0027;15;18;INV000405
PRD0028;1;45;INV000406
PRD0028;2;87;INV000407
PRD0028;3;65;INV000408
PRD0028;4;70;INV000409
PRD0028;5;-53;INV000410
PRD0028;6;48;INV000411
PRD0028;7;94;INV000412
PRD0028;8;59;INV000413
PRD0028;9;80;INV000414
PRD0028;10;26;INV000415
PRD0028;11;35;INV000416
PRD0028;12;58;INV000417
PRD0028;13;49;INV000418
PRD0028;14;73;INV000419
PRD0028;15;44;INV000420
PRD0029;1;13;INV000421
PRD0029;2;70;INV000422
PRD0029;3;38;INV000423
PRD0029;4;39;INV000424
PRD0029;5;8;INV000425
PRD0029;6;13;INV000426
PRD0029;7;7;INV000427
PRD0029;8;80;INV000428
PRD0029;9;22;INV000429
PRD0029;10;79;INV000430
PRD0029;11;89;INV000431
PRD0029;12;8;INV000432
PRD0029;13;99;INV000433
PRD0029;14;6;INV000434
PRD0029;15;81;INV000435
PRD0030;1;71;INV000436
PRD0030;2;84;INV000437
PRD0030;3;89;INV000438
PRD0030;4;66;INV000439
PRD0030;5;60;INV000440
PRD0030;6;16;INV000441
PRD0030;7;56;INV000442
PRD0030;8;23;INV000443
PRD0030;9;24;INV000444
PRD0030;10;4;INV000445
PRD0030;11;49;INV000446
PRD0030;12;87;INV000447
PRD0030;13;30;INV000448
PRD0030;14;54;INV000449
PRD0030;15;25;INV000450
PRD0031;1;20;INV000451
PRD0031;2;97;INV000452
PRD0031;3;57;INV000453
PRD0031;4;23;INV000454
PRD0031;5;27;INV000455
PRD0031;6;29;INV000456
PRD0031;7;33;INV000457
PRD0031;8;53;INV000458
PRD0031;9;51;INV000459
PRD0031;10;86;INV000460
PRD0031;11;7;INV000461
PRD0031;12;9;INV000462
PRD0031;13;54;INV000463
PRD0031;14;0;INV000464
PRD0031;15;83;INV000465
PRD0032;1;36;INV000466
PRD0032;2;81;INV000467
PRD0032;3;20;INV000468
PRD0032;4;3;INV000469
PRD0032;5;42;INV000470
PRD0032;6;65;INV000471
PRD0032;7;20;INV000472
PRD0032;8;36;INV000473
PRD0032;9;68;INV000474
PRD0032;10;80;INV000475
PRD0032;11;47;INV000476
PRD0032;12;10;INV000477
PRD0032;13;94;INV000478
PRD0032;14;91;INV000479
PRD0032;15;43;INV000480
PRD0033;1;63;INV000481
PRD0033;2;31;INV000482
PRD0033;3;20;INV000483
PRD0033;4;70;INV000484
PRD0033;5;9;INV000485
PRD0033;6;60;INV000486
PRD0033;7;91;INV000487
PRD0033;8;-35;INV000488
PRD0033;9;83;INV000489
PRD0033;10;76;INV000490
PRD0033;11;18;INV000491
PRD0033;12;74;INV000492
PRD0033;13;98;INV000493
PRD0033;14;97;INV000494
PRD0033;15;43;INV000495
PRD0034;1;3;INV000496
PRD0034;2;12;INV000497
PRD0034;3;58;INV000498
PRD0034;4;-1;INV000499
PRD0034;5;0;INV000500
PRD0034;6;39;INV000501
PRD0034;7;24;INV000502
PRD0034;8;58;INV000503
PRD0034;9;36;INV000504
PRD0034;10;99;INV000505
PRD0034;11;69;INV000506
PRD0034;12;-6;INV000507
PRD0034;13;3;INV000508
PRD0034;14;98;INV000509
PRD0034;15;40;INV000510
PRD0035;1;60;INV000511
PRD0035;2;33;INV000512
PRD0035;3;28;INV000513
PRD0035;4;-68;INV000514
PRD0035;5;26;INV000515
PRD0035;6;96;INV000516
PRD0035;7;51;INV000517
PRD0035;8;73;INV000518
PRD0035;9;53;INV000519
PRD0035;10;69;INV000520
PRD0035;11;33;INV000521
PRD0035;12;7;INV000522
PRD0035;13;94;INV000523
PRD0035;14;72;INV000524
PRD0035;15;84;INV000525
PRD0036;1;7;INV000526
PRD0036;2;-67;INV000527
PRD0036;3;85;INV000528
PRD0036;4;91;INV000529
PRD0036;5;67;INV000530
PRD0036;6;84;INV000531
PRD0036;7;71;INV000532
PRD0036;8;83;INV000533
PRD0036;9;95;INV000534
PRD0036;10;0;INV000535
PRD0036;11;-5;INV000536
PRD0036;12;-91;INV000537
PRD0036;13;30;INV000538
PRD0036;14;73;INV000539
PRD0036;15;83;INV000540
PRD0037;1;7;INV000541
PRD0037;2;21;INV000542
PRD0037;3;92;INV000543
PRD0037;4;8;INV000544
PRD0037;5;43;INV000545
PRD0037;6;46;INV000546
PRD0037;7;0;INV000547
PRD0037;8;51;INV000548
PRD0037;9;38;INV000549
PRD0037;10;89;INV000550
PRD0037;11;74;INV000551
PRD0037;12;98;INV000552
PRD0037;13;87;INV000553
PRD0037;14;96;INV000554
PRD0037;15;83;INV000555
PRD0038;1;26;INV000556
PRD0038;2;78;INV000557
PRD0038;3;32;INV000558
PRD0038;4;70;INV000559
PRD0038;5;97;INV000560
PRD0038;6;44;INV000561
PRD0038;7;59;INV000562
PRD0038;8;57;INV000563
PRD0038;9;50;INV000564
PRD0038;10;45;INV000565
PRD0038;11;4;INV000566
PRD0038;12;57;INV000567
PRD0038;13;93;INV000568
PRD0038;14;91;INV000569
PRD0038;15;17;INV000570
PRD0039;1;35;INV000571
PRD0039;2;66;INV000572
PRD0039;3;20;INV000573
PRD0039;4;45;INV000574
PRD0039;5;57;INV000575
PRD0039;6;79;INV000576
PRD0039;7;36;INV000577
PRD0039;8;62;INV000578
PRD0039;9;4;INV000579
PRD0039;10;77;INV000580
PRD0039;11;30;INV000581
PRD0039;12;-87;INV000582
PRD0039;13;98;INV000583
PRD0039;14;35;INV000584
PRD0039;15;73;INV000585
PRD0040;1;90;INV000586
PRD0040;2;55;INV000587
PRD0040;3;26;INV000588
PRD0040;4;22;INV000589
PRD0040;5;76;INV000590
PRD0040;6;79;INV000591
PRD0040;7;98;INV000592
PRD0040;8;90;INV000593
PRD0040;9;51;INV000594
PRD0040;10;46;INV000595
PRD0040;11;80;INV000596
PRD0040;12;61;INV000597
PRD0040;13;60;INV000598
PRD0040;14;47;INV000599
PRD0040;15;0;INV000600
PRD0041;1;-10;INV000601
PRD0041;2;75;INV000602
PRD0041;3;13;INV000603
PRD0041;4;71;INV000604
PRD0041;5;94;INV000605
PRD0041;6;6;INV000606
PRD0041;7;45;INV000607
PRD0041;8;30;INV000608
PRD0041;9;15;INV000609
PRD0041;10;41;INV000610
PRD0041;11;-38;INV000611
PRD0041;12;53;INV000612
PRD0041;13;43;INV000613
PRD0041;14;82;INV000614
PRD0041;15;7;INV000615
PRD0042;1;92;INV000616
PRD0042;2;65;INV000617
PRD0042;3;41;INV000618
PRD0042;4;66;INV000619
PRD0042;5;92;INV000620
PRD0042;6;78;INV000621
PRD0042;7;91;INV000622
PRD0042;8;31;INV000623
PRD0042;9;93;INV000624
PRD0042;10;50;INV000625
PRD0042;11;46;INV000626
PRD0042;12;93;INV000627
PRD0042;13;33;INV000628
PRD0042;14;12;INV000629
PRD0042;15;96;INV000630
PRD0043;1;80;INV000631
PRD0043;2;66;INV000632
PRD0043;3;72;INV000633
PRD0043;4;10;INV000634
PRD0043;5;90;INV000635
PRD0043;6;27;INV000636
PRD0043;7;56;INV000637
PRD0043;8;65;INV000638
PRD0043;9;64;INV000639
PRD0043;10;69;INV000640
PRD0043;11;88;INV000641
PRD0043;12;-34;INV000642
PRD0043;13;79;INV000643
PRD0043;14;3;INV000644
PRD0043;15;60;INV000645
PRD0044;1;37;INV000646
PRD0044;2;43;INV000647
PRD0044;3;83;INV000648
PRD0044;4;88;INV000649
PRD0044;5;70;INV000650
PRD0044;6;20;INV000651
PRD0044;7;6;INV000652
PRD0044;8;28;INV000653
PRD0044;9;6;INV000654
PRD0044;10;66;INV000655
PRD0044;11;92;INV000656
PRD0044;12;92;INV000657
PRD0044;13;69;INV000658
PRD0044;14;73;INV000659
PRD0044;15;54;INV000660
PRD0045;1;77;INV000661
PRD0045;2;21;INV000662
PRD0045;3;31;INV000663
PRD0045;4;81;INV000664
PRD0045;5;35;INV000665
PRD0045;6;8;INV000666
PRD0045;7;25;INV000667
PRD0045;8;21;INV000668
PRD0045;9;45;INV000669
PRD0045;10;86;INV000670
PRD0045;11;16;INV000671
PRD0045;12;25;INV000672
PRD0045;13;37;INV000673
PRD0045;14;1;INV000674
PRD0045;15;5;INV000675
PRD0046;1;-70;INV000676
PRD0046;2;12;INV000677
PRD0046;3;90;INV000678
PRD0046;4;74;INV000679
PRD0046;5;54;INV000680
PRD0046;6;78;INV000681
PRD0046;7;62;INV000682
PRD0046;8;72;INV000683
PRD0046;9;71;INV000684
PRD0046;10;45;INV000685
PRD0046;11;5;INV000686
PRD0046;12;47;INV000687
PRD0046;13;59;INV000688
PRD0046;14;42;INV000689
PRD0046;15;67;INV000690
PRD0047;1;10;INV000691
PRD0047;2;57;INV000692
PRD0047;3;91;INV000693
PRD0047;4;89;INV000694
PRD0047;5;3;INV000695
PRD0047;6;78;INV000696
PRD0047;7;82;INV000697
PRD0047;8;-69;INV000698
PRD0047;9;58;INV000699
PRD0047;10;4;INV000700
PRD0047;11;17;INV000701
PRD0047;12;69;INV000702
PRD0047;13;63;INV000703
PRD0047;14;94;INV000704
PRD0047;15;24;INV000705
PRD0048;1;3;INV000706
PRD0048;2;-69;INV000707
PRD0048;3;40;INV000708
PRD0048;4;36;INV000709
PRD0048;5;58;INV000710
PRD0048;6;49;INV000711
PRD0048;7;55;INV000712
PRD0048;8;24;INV000713
PRD0048;9;-33;INV000714
PRD0048;10;-18;INV000715
PRD0048;11;97;INV000716
PRD0048;12;78;INV000717
PRD0048;13;-7;INV000718
PRD0048;14;53;INV000719
PRD0048;15;46;INV000720
PRD0049;1;33;INV000721
PRD0049;2;-81;INV000722
PRD0049;3;29;INV000723
PRD0049;4;12;INV000724
PRD0049;5;46;INV000725
PRD0049;6;32;INV000726
PRD0049;7;34;INV000727
PRD0049;8;87;INV000728
PRD0049;9;25;INV000729
PRD0049;10;46;INV000730
PRD0049;11;-52;INV000731
PRD0049;12;64;INV000732
PRD0049;13;76;INV000733
PRD0049;14;73;INV000734
PRD0049;15;18;INV000735
PRD0050;1;4;INV000736
PRD0050;2;7;INV000737
PRD0050;3;3;INV000738
PRD0050;4;48;INV000739
PRD0050;5;76;INV000740
PRD0050;6;37;INV000741
PRD0050;7;48;INV000742
PRD0050;8;-82;INV000743
PRD0050;9;51;INV000744
PRD0050;10;49;INV000745
PRD0050;11;71;INV000746
PRD0050;12;-90;INV000747
PRD0050;13;49;INV000748
PRD0050;14;29;INV000749
PRD0050;15;3;INV000750
PRD0051;1;74;INV000751
PRD0051;2;84;INV000752
PRD0051;3;65;INV000753
PRD0051;4;20;INV000754
PRD0051;5;80;INV000755
PRD0051;6;42;INV000756
PRD0051;7;-28;INV000757
PRD0051;8;26;INV000758
PRD0051;9;87;INV000759
PRD0051;10;-52;INV000760
PRD0051;11;48;INV000761
PRD0051;12;66;INV000762
PRD0051;13;9;INV000763
PRD0051;14;2;INV000764
PRD0051;15;89;INV000765
PRD0052;1;90;INV000766
PRD0052;2;68;INV000767
PRD0052;3;10;INV000768
PRD0052;4;12;INV000769
PRD0052;5;97;INV000770
PRD0052;6;37;INV000771
PRD0052;7;39;INV000772
PRD0052;8;-32;INV000773
PRD0052;9;33;INV000774
PRD0052;10;26;INV000775
PRD0052;11;99;INV000776
PRD0052;12;89;INV000777
PRD0052;13;50;INV000778
PRD0052;14;-88;INV000779
PRD0052;15;82;INV000780
PRD0053;1;20;INV000781
PRD0053;2;94;INV000782
PRD0053;3;28;INV000783
PRD0053;4;72;INV000784
PRD0053;5;18;INV000785
PRD0053;6;25;INV000786
PRD0053;7;24;INV000787
PRD0053;8;39;INV000788
PRD0053;9;28;INV000789
PRD0053;10;24;INV000790
PRD0053;11;18;INV000791
PRD0053;12;67;INV000792
PRD0053;13;44;INV000793
PRD0053;14;83;INV000794
PRD0053;15;45;INV000795
PRD0054;1;54;INV000796
PRD0054;2;0;INV000797
PRD0054;3;10;INV000798
PRD0054;4;67;INV000799
PRD0054;5;6;INV000800
PRD0054;6;91;INV000801
PRD0054;7;99;INV000802
PRD0054;8;57;INV000803
PRD0054;9;70;INV000804
PRD0054;10;19;INV000805
PRD0054;11;34;INV000806
PRD0054;12;50;INV000807
PRD0054;13;20;INV000808
PRD0054;14;43;INV000809
PRD0054;15;0;INV000810
PRD0055;1;66;INV000811
PRD0055;2;97;INV000812
PRD0055;3;12;INV000813
PRD0055;4;15;INV000814
PRD0055;5;33;INV000815
PRD0055;6;23;INV000816
PRD0055;7;12;INV000817
PRD0055;8;5;INV000818
PRD0055;9;-38;INV000819
PRD0055;10;1;INV000820
PRD0055;11;10;INV000821
PRD0055;12;6;INV000822
PRD0055;13;6;INV000823
PRD0055;14;38;INV000824
PRD0055;15;75;INV000825
PRD0056;1;85;INV000826
PRD0056;2;50;INV000827
PRD0056;3;51;INV000828
PRD0056;4;2;INV000829
PRD0056;5;-76;INV000830
PRD0056;6;29;INV000831
PRD0056;7;9;INV000832
PRD0056;8;72;INV000833
PRD0056;9;5;INV000834
PRD0056;10;53;INV000835
PRD0056;11;65;INV000836
PRD0056;12;43;INV000837
PRD0056;13;79;INV000838
PRD0056;14;62;INV000839
PRD0056;15;76;INV000840
PRD0057;1;47;INV000841
PRD0057;2;76;INV000842
PRD0057;3;21;INV000843
PRD0057;4;18;INV000844
PRD0057;5;89;INV000845
PRD0057;6;13;INV000846
PRD0057;7;94;INV000847
PRD0057;8;92;INV000848
PRD0057;9;85;INV000849
PRD0057;10;6;INV000850
PRD0057;11;-48;INV000851
PRD0057;12;40;INV000852
PRD0057;13;26;INV000853
PRD0057;14;30;INV000854
PRD0057;15;5;INV000855
PRD0058;1;15;INV000856
PRD0058;2;63;INV000857
PRD0058;3;37;INV000858
PRD0058;4;59;INV000859
PRD0058;5;95;INV000860
PRD0058;6;96;INV000861
PRD0058;7;80;INV000862
PRD0058;8;32;INV000863
PRD0058;9;62;INV000864
PRD0058;10;10;INV000865
PRD0058;11;12;INV000866
PRD0058;12;93;INV000867
PRD0058;13;64;INV000868
PRD0058;14;29;INV000869
PRD0058;15;90;INV000870
PRD0059;1;-22;INV000871
PRD0059;2;19;INV000872
PRD0059;3;5;INV000873
PRD0059;4;36;INV000874
PRD0059;5;83;INV000875
PRD0059;6;5;INV000876
PRD0059;7;92;INV000877
PRD0059;8;76;INV000878
PRD0059;9;26;INV000879
PRD0059;10;83;INV000880
PRD0059;11;12;INV000881
PRD0059;12;7;INV000882
PRD0059;13;52;INV000883
PRD0059;14;80;INV000884
PRD0059;15;29;INV000885
PRD0060;1;0;INV000886
PRD0060;2;87;INV000887
PRD0060;3;79;INV000888
PRD0060;4;74;INV000889
PRD0060;5;3;INV000890
PRD0060;6;61;INV000891
PRD0060;7;67;INV000892
PRD0060;8;16;INV000893
PRD0060;9;73;INV000894
PRD0060;10;84;INV000895
PRD0060;11;-56;INV000896
PRD0060;12;62;INV000897
PRD0060;13;56;INV000898
PRD0060;14;48;INV000899
PRD0060;15;17;INV000900
PRD0061;1;57;INV000901
PRD0061;2;9;INV000902
PRD0061;3;62;INV000903
PRD0061;4;79;INV000904
PRD0061;5;78;INV000905
PRD0061;6;33;INV000906
PRD0061;7;4;INV000907
PRD0061;8;16;INV000908
PRD0061;9;71;INV000909
PRD0061;10;62;INV000910
PRD0061;11;23;INV000911
PRD0061;12;91;INV000912
PRD0061;13;7;INV000913
PRD0061;14;22;INV000914
PRD0061;15;-98;INV000915
PRD0062;1;30;INV000916
PRD0062;2;-80;INV000917
PRD0062;3;27;INV000918
PRD0062;4;47;INV000919
PRD0062;5;11;INV000920
PRD0062;6;87;INV000921
PRD0062;7;78;INV000922
PRD0062;8;30;INV000923
PRD0062;9;-90;INV000924
PRD0062;10;34;INV000925
PRD0062;11;54;INV000926
PRD0062;12;81;INV000927
PRD0062;13;35;INV000928
PRD0062;14;71;INV000929
PRD0062;15;-59;INV000930
PRD0063;1;37;INV000931
PRD0063;2;68;INV000932
PRD0063;3;53;INV000933
PRD0063;4;13;INV000934
PRD0063;5;19;INV000935
PRD0063;6;8;INV000936
PRD0063;7;96;INV000937
PRD0063;8;81;INV000938
PRD0063;9;69;INV000939
PRD0063;10;-1;INV000940
PRD0063;11;29;INV000941
PRD0063;12;5;INV000942
PRD0063;13;80;INV000943
PRD0063;14;40;INV000944
PRD0063;15;22;INV000945
PRD0064;1;30;INV000946
PRD0064;2;19;INV000947
PRD0064;3;4;INV000948
PRD0064;4;20;INV000949
PRD0064;5;74;INV000950
PRD0064;6;67;INV000951
PRD0064;7;86;INV000952
PRD0064;8;60;INV000953
PRD0064;9;93;INV000954
PRD0064;10;41;INV000955
PRD0064;11;40;INV000956
PRD0064;12;60;INV000957
PRD0064;13;81;INV000958
PRD0064;14;51;INV000959
PRD0064;15;40;INV000960
PRD0065;1;59;INV000961
PRD0065;2;94;INV000962
PRD0065;3;29;INV000963
PRD0065;4;-97;INV000964
PRD0065;5;94;INV000965
PRD0065;6;37;INV000966
PRD0065;7;88;INV000967
PRD0065;8;16;INV000968
PRD0065;9;99;INV000969
PRD0065;10;39;INV000970
PRD0065;11;29;INV000971
PRD0065;12;65;INV000972
PRD0065;13;23;INV000973
PRD0065;14;72;INV000974
PRD0065;15;0;INV000975
PRD0066;1;87;INV000976
PRD0066;2;-37;INV000977
PRD0066;3;63;INV000978
PRD0066;4;26;INV000979
PRD0066;5;89;INV000980
PRD0066;6;89;INV000981
PRD0066;7;-6;INV000982
PRD0066;8;88;INV000983
PRD0066;9;79;INV000984
PRD0066;10;41;INV000985
PRD0066;11;17;INV000986
PRD0066;12;80;INV000987
PRD0066;13;43;INV000988
PRD0066;14;69;INV000989
PRD0066;15;19;INV000990
PRD0067;1;22;INV000991
PRD0067;2;11;INV000992
PRD0067;3;11;INV000993
PRD0067;4;33;INV000994
PRD0067;5;-7;INV000995
PRD0067;6;26;INV000996
PRD0067;7;48;INV000997
PRD0067;8;71;INV000998
PRD0067;9;54;INV000999
PRD0067;10;96;INV001000
PRD0067;11;82;INV001001
PRD0067;12;87;INV001002
PRD0067;13;21;INV001003
PRD0067;14;2;INV001004
PRD0067;15;8;INV001005
PRD0068;1;10;INV001006
PRD0068;2;5;INV001007
PRD0068;3;38;INV001008
PRD0068;4;38;INV001009
PRD0068;5;-65;INV001010
PRD0068;6;59;INV001011
PRD0068;7;36;INV001012
PRD0068;8;5;INV001013
PRD0068;9;5;INV001014
PRD0068;10;38;INV001015
PRD0068;11;35;INV001016
PRD0068;12;88;INV001017
PRD0068;13;49;INV001018
PRD0068;14;79;INV001019
PRD0068;15;84;INV001020
PRD0069;1;9;INV001021
PRD0069;2;4;INV001022
PRD0069;3;49;INV001023
PRD0069;4;24;INV001024
PRD0069;5;94;INV001025
PRD0069;6;2;INV001026
PRD0069;7;83;INV001027
PRD0069;8;3;INV001028
PRD0069;9;77;INV001029
PRD0069;10;11;INV001030
PRD0069;11;13;INV001031
PRD0069;12;81;INV001032
PRD0069;13;-26;INV001033
PRD0069;14;70;INV001034
PRD0069;15;47;INV001035
PRD0070;1;98;INV001036
PRD0070;2;21;INV001037
PRD0070;3;20;INV001038
PRD0070;4;42;INV001039
PRD0070;5;57;INV001040
PRD0070;6;17;INV001041
PRD0070;7;89;INV001042
PRD0070;8;85;INV001043
PRD0070;9;55;INV001044
PRD0070;10;68;INV001045
PRD0070;11;98;INV001046
PRD0070;12;11;INV001047
PRD0070;13;98;INV001048
PRD0070;14;97;INV001049
PRD0070;15;19;INV001050
PRD0071;1;11;INV001051
PRD0071;2;97;INV001052
PRD0071;3;25;INV001053
PRD0071;4;97;INV001054
PRD0071;5;95;INV001055
PRD0071;6;45;INV001056
PRD0071;7;6;INV001057
PRD0071;8;89;INV001058
PRD0071;9;88;INV001059
PRD0071;10;38;INV001060
PRD0071;11;-51;INV001061
PRD0071;12;16;INV001062
PRD0071;13;23;INV001063
PRD0071;14;90;INV001064
PRD0071;15;3;INV001065
PRD0072;1;90;INV001066
PRD0072;2;46;INV001067
PRD0072;3;29;INV001068
PRD0072;4;2;INV001069
PRD0072;5;5;INV001070
PRD0072;6;71;INV001071
PRD0072;7;15;INV001072
PRD0072;8;78;INV001073
PRD0072;9;35;INV001074
PRD0072;10;52;INV001075
PRD0072;11;7;INV001076
PRD0072;12;51;INV001077
PRD0072;13;51;INV001078
PRD0072;14;-29;INV001079
PRD0072;15;55;INV001080
PRD0073;1;11;INV001081
PRD0073;2;67;INV001082
PRD0073;3;77;INV001083
PRD0073;4;55;INV001084
PRD0073;5;-88;INV001085
PRD0073;6;68;INV001086
PRD0073;7;86;INV001087
PRD0073;8;57;INV001088
PRD0073;9;93;INV001089
PRD0073;10;11;INV001090
PRD0073;11;78;INV001091
PRD0073;12;82;INV001092
PRD0073;13;89;INV001093
PRD0073;14;3;INV001094
PRD0073;15;37;INV001095
PRD0074;1;7;INV001096
PRD0074;2;29;INV001097
PRD0074;3;78;INV001098
PRD0074;4;11;INV001099
PRD0074;5;73;INV001100
PRD0074;6;11;INV001101
PRD0074;7;16;INV001102
PRD0074;8;60;INV001103
PRD0074;9;63;INV001104
PRD0074;10;59;INV001105
PRD0074;11;1;INV001106
PRD0074;12;18;INV001107
PRD0074;13;53;INV001108
PRD0074;14;28;INV001109
PRD0074;15;64;INV001110
PRD0075;1;85;INV001111
PRD0075;2;88;INV001112
PRD0075;3;73;INV001113
PRD0075;4;8;INV001114
PRD0075;5;82;INV001115
PRD0075;6;11;INV001116
PRD0075;7;92;INV001117
PRD0075;8;51;INV001118
PRD0075;9;81;INV001119
PRD0075;10;55;INV001120
PRD0075;11;15;INV001121
PRD0075;12;3;INV001122
PRD0075;13;88;INV001123
PRD0075;14;-85;INV001124
PRD0075;15;28;INV001125
PRD0076;1;58;INV001126
PRD0076;2;85;INV001127
PRD0076;3;78;INV001128
PRD0076;4;65;INV001129
PRD0076;5;76;INV001130
PRD0076;6;11;INV001131
PRD0076;7;25;INV001132
PRD0076;8;11;INV001133
PRD0076;9;90;INV001134
PRD0076;10;34;INV001135
PRD0076;11;1;INV001136
PRD0076;12;16;INV001137
PRD0076;13;1;INV001138
PRD0076;14;16;INV001139
PRD0076;15;33;INV001140
PRD0077;1;33;INV001141
PRD0077;2;44;INV001142
PRD0077;3;40;INV001143
PRD0077;4;72;INV001144
PRD0077;5;77;INV001145
PRD0077;6;83;INV001146
PRD0077;7;32;INV001147
PRD0077;8;23;INV001148
PRD0077;9;68;INV001149
PRD0077;10;31;INV001150
PRD0077;11;22;INV001151
PRD0077;12;64;INV001152
PRD0077;13;31;INV001153
PRD0077;14;79;INV001154
PRD0077;15;83;INV001155
PRD0078;1;15;INV001156
PRD0078;2;51;INV001157
PRD0078;3;12;INV001158
PRD0078;4;45;INV001159
PRD0078;5;10;INV001160
PRD0078;6;80;INV001161
PRD0078;7;70;INV001162
PRD0078;8;21;INV001163
PRD0078;9;94;INV001164
PRD0078;10;-67;INV001165
PRD0078;11;80;INV001166
PRD0078;12;64;INV001167
PRD0078;13;1;INV001168
PRD0078;14;50;INV001169
PRD0078;15;96;INV001170
PRD0079;1;82;INV001171
PRD0079;2;82;INV001172
PRD0079;3;57;INV001173
PRD0079;4;22;INV001174
PRD0079;5;15;INV001175
PRD0079;6;15;INV001176
PRD0079;7;28;INV001177
PRD0079;8;71;INV001178
PRD0079;9;27;INV001179
PRD0079;10;88;INV001180
PRD0079;11;57;INV001181
PRD0079;12;58;INV001182
PRD0079;13;88;INV001183
PRD0079;14;76;INV001184
PRD0079;15;13;INV001185
PRD0080;1;-18;INV001186
PRD0080;2;78;INV001187
PRD0080;3;78;INV001188
PRD0080;4;20;INV001189
PRD0080;5;71;INV001190
PRD0080;6;55;INV001191
PRD0080;7;44;INV001192
PRD0080;8;91;INV001193
PRD0080;9;44;INV001194
PRD0080;10;15;INV001195
PRD0080;11;87;INV001196
PRD0080;12;75;INV001197
PRD0080;13;77;INV001198
PRD0080;14;29;INV001199
PRD0080;15;95;INV001200
PRD0081;1;82;INV001201
PRD0081;2;4;INV001202
PRD0081;3;28;INV001203
PRD0081;4;65;INV001204
PRD0081;5;49;INV001205
PRD0081;6;49;INV001206
PRD0081;7;-87;INV001207
PRD0081;8;57;INV001208
PRD0081;9;80;INV001209
PRD0081;10;41;INV001210
PRD0081;11;90;INV001211
PRD0081;12;66;INV001212
PRD0081;13;47;INV001213
PRD0081;14;17;INV001214
PRD0081;15;20;INV001215
PRD0082;1;38;INV001216
PRD0082;2;64;INV001217
PRD0082;3;6;INV001218
PRD0082;4;22;INV001219
PRD0082;5;79;INV001220
PRD0082;6;74;INV001221
PRD0082;7;34;INV001222
PRD0082;8;40;INV001223
PRD0082;9;38;INV001224
PRD0082;10;21;INV001225
PRD0082;11;34;INV001226
PRD0082;12;32;INV001227
PRD0082;13;42;INV001228
PRD0082;14;44;INV001229
PRD0082;15;99;INV001230
PRD0083;1;41;INV001231
PRD0083;2;27;INV001232
PRD0083;3;48;INV001233
PRD0083;4;10;INV001234
PRD0083;5;68;INV001235
PRD0083;6;17;INV001236
PRD0083;7;3;INV001237
PRD0083;8;94;INV001238
PRD0083;9;87;INV001239
PRD0083;10;29;INV001240
PRD0083;11;30;INV001241
PRD0083;12;75;INV001242
PRD0083;13;66;INV001243
PRD0083;14;93;INV001244
PRD0083;15;60;INV001245
PRD0084;1;7;INV001246
PRD0084;2;51;INV001247
PRD0084;3;73;INV001248
PRD0084;4;87;INV001249
PRD0084;5;64;INV001250
PRD0084;6;17;INV001251
PRD0084;7;40;INV001252
PRD0084;8;21;INV001253
PRD0084;9;94;INV001254
PRD0084;10;26;INV001255
PRD0084;11;15;INV001256
PRD0084;12;17;INV001257
PRD0084;13;10;INV001258
PRD0084;14;17;INV001259
PRD0084;15;3;INV001260
PRD0085;1;73;INV001261
PRD0085;2;29;INV001262
PRD0085;3;67;INV001263
PRD0085;4;71;INV001264
PRD0085;5;80;INV001265
PRD0085;6;98;INV001266
PRD0085;7;4;INV001267
PRD0085;8;61;INV001268
PRD0085;9;90;INV001269
PRD0085;10;6;INV001270
PRD0085;11;32;INV001271
PRD0085;12;81;INV001272
PRD0085;13;37;INV001273
PRD0085;14;-27;INV001274
PRD0085;15;51;INV001275
PRD0086;1;78;INV001276
PRD0086;2;59;INV001277
PRD0086;3;86;INV001278
PRD0086;4;95;INV001279
PRD0086;5;8;INV001280
PRD0086;6;56;INV001281
PRD0086;7;29;INV001282
PRD0086;8;28;INV001283
PRD0086;9;95;INV001284
PRD0086;10;34;INV001285
PRD0086;11;58;INV001286
PRD0086;12;81;INV001287
PRD0086;13;92;INV001288
PRD0086;14;16;INV001289
PRD0086;15;72;INV001290
PRD0087;1;59;INV001291
PRD0087;2;7;INV001292
PRD0087;3;12;INV001293
PRD0087;4;32;INV001294
PRD0087;5;84;INV001295
PRD0087;6;75;INV001296
PRD0087;7;93;INV001297
PRD0087;8;40;INV001298
PRD0087;9;0;INV001299
PRD0087;10;84;INV001300
PRD0087;11;92;INV001301
PRD0087;12;77;INV001302
PRD0087;13;37;INV001303
PRD0087;14;47;INV001304
PRD0087;15;61;INV001305
PRD0088;1;50;INV001306
PRD0088;2;68;INV001307
PRD0088;3;76;INV001308
PRD0088;4;57;INV001309
PRD0088;5;4;INV001310
PRD0088;6;36;INV001311
PRD0088;7;80;INV001312
PRD0088;8;82;INV001313
PRD0088;9;37;INV001314
PRD0088;10;94;INV001315
PRD0088;11;35;INV001316
PRD0088;12;48;INV001317
PRD0088;13;0;INV001318
PRD0088;14;49;INV001319
PRD0088;15;57;INV001320
PRD0089;1;9;INV001321
PRD0089;2;50;INV001322
PRD0089;3;97;INV001323
PRD0089;4;48;INV001324
PRD0089;5;12;INV001325
PRD0089;6;70;INV001326
PRD0089;7;36;INV001327
PRD0089;8;99;INV001328
PRD0089;9;36;INV001329
PRD0089;10;30;INV001330
PRD0089;11;19;INV001331
PRD0089;12;38;INV001332
PRD0089;13;44;INV001333
PRD0089;14;35;INV001334
PRD0089;15;14;INV001335
PRD0090;1;29;INV001336
PRD0090;2;51;INV001337
PRD0090;3;60;INV001338
PRD0090;4;81;INV001339
PRD0090;5;67;INV001340
PRD0090;6;29;INV001341
PRD0090;7;27;INV001342
PRD0090;8;3;INV001343
PRD0090;9;33;INV001344
PRD0090;10;51;INV001345
PRD0090;11;27;INV001346
PRD0090;12;56;INV001347
PRD0090;13;21;INV001348
PRD0090;14;39;INV001349
PRD0090;15;74;INV001350
PRD0091;1;29;INV001351
PRD0091;2;29;INV001352
PRD0091;3;61;INV001353
PRD0091;4;58;INV001354
PRD0091;5;24;INV001355
PRD0091;6;16;INV001356
PRD0091;7;64;INV001357
PRD0091;8;98;INV001358
PRD0091;9;13;INV001359
PRD0091;10;1;INV001360
PRD0091;11;2;INV001361
PRD0091;12;-66;INV001362
PRD0091;13;19;INV001363
PRD0091;14;76;INV001364
PRD0091;15;30;INV001365
PRD0092;1;39;INV001366
PRD0092;2;85;INV001367
PRD0092;3;77;INV001368
PRD0092;4;49;INV001369
PRD0092;5;26;INV001370
PRD0092;6;12;INV001371
PRD0092;7;64;INV001372
PRD0092;8;1;INV001373
PRD0092;9;36;INV001374
PRD0092;10;10;INV001375
PRD0092;11;32;INV001376
PRD0092;12;28;INV001377
PRD0092;13;58;INV001378
PRD0092;14;66;INV001379
PRD0092;15;92;INV001380
PRD0093;1;65;INV001381
PRD0093;2;77;INV001382
PRD0093;3;83;INV001383
PRD0093;4;47;INV001384
PRD0093;5;81;INV001385
PRD0093;6;36;INV001386
PRD0093;7;71;INV001387
PRD0093;8;53;INV001388
PRD0093;9;70;INV001389
PRD0093;10;9;INV001390
PRD0093;11;15;INV001391
PRD0093;12;18;INV001392
PRD0093;13;29;INV001393
PRD0093;14;53;INV001394
PRD0093;15;60;INV001395
PRD0094;1;42;INV001396
PRD0094;2;82;INV001397
PRD0094;3;2;INV001398
PRD0094;4;29;INV001399
PRD0094;5;17;INV001400
PRD0094;6;35;INV001401
PRD0094;7;-19;INV001402
PRD0094;8;16;INV001403
PRD0094;9;23;INV001404
PRD0094;10;12;INV001405
PRD0094;11;99;INV001406
PRD0094;12;56;INV001407
PRD0094;13;66;INV001408
PRD0094;14;20;INV001409
PRD0094;15;3;INV001410
PRD0095;1;81;INV001411
PRD0095;2;44;INV001412
PRD0095;3;38;INV001413
PRD0095;4;42;INV001414
PRD0095;5;74;INV001415
PRD0095;6;37;INV001416
PRD0095;7;40;INV001417
PRD0095;8;27;INV001418
PRD0095;9;4;INV001419
PRD0095;10;51;INV001420
PRD0095;11;22;INV001421
PRD0095;12;37;INV001422
PRD0095;13;35;INV001423
PRD0095;14;30;INV001424
PRD0095;15;7;INV001425
PRD0096;1;88;INV001426
PRD0096;2;88;INV001427
PRD0096;3;15;INV001428
PRD0096;4;10;INV001429
PRD0096;5;19;INV001430
PRD0096;6;77;INV001431
PRD0096;7;56;INV001432
PRD0096;8;-18;INV001433
PRD0096;9;71;INV001434
PRD0096;10;60;INV001435
PRD0096;11;24;INV001436
PRD0096;12;32;INV001437
PRD0096;13;39;INV001438
PRD0096;14;16;INV001439
PRD0096;15;52;INV001440
PRD0097;1;90;INV001441
PRD0097;2;80;INV001442
PRD0097;3;46;INV001443
PRD0097;4;96;INV001444
PRD0097;5;94;INV001445
PRD0097;6;84;INV001446
PRD0097;7;23;INV001447
PRD0097;8;15;INV001448
PRD0097;9;44;INV001449
PRD0097;10;83;INV001450
PRD0097;11;55;INV001451
PRD0097;12;98;INV001452
PRD0097;13;27;INV001453
PRD0097;14;45;INV001454
PRD0097;15;98;INV001455
PRD0098;1;81;INV001456
PRD0098;2;87;INV001457
PRD0098;3;27;INV001458
PRD0098;4;77;INV001459
PRD0098;5;48;INV001460
PRD0098;6;87;INV001461
PRD0098;7;94;INV001462
PRD0098;8;5;INV001463
PRD0098;9;97;INV001464
PRD0098;10;98;INV001465
PRD0098;11;28;INV001466
PRD0098;12;65;INV001467
PRD0098;13;68;INV001468
PRD0098;14;85;INV001469
PRD0098;15;72;INV001470
PRD0099;1;33;INV001471
PRD0099;2;99;INV001472
PRD0099;3;48;INV001473
PRD0099;4;99;INV001474
PRD0099;5;89;INV001475
PRD0099;6;69;INV001476
PRD0099;7;65;INV001477
PRD0099;8;99;INV001478
PRD0099;9;71;INV001479
PRD0099;10;1;INV001480
PRD0099;11;1;INV001481
PRD0099;12;71;INV001482
PRD0099;13;25;INV001483
PRD0099;14;77;INV001484
PRD0099;15;50;INV001485
PRD0100;1;27;INV001486
PRD0100;2;96;INV001487
PRD0100;3;43;INV001488
PRD0100;4;19;INV001489
PRD0100;5;-98;INV001490
PRD0100;6;45;INV001491
PRD0100;7;80;INV001492
PRD0100;8;43;INV001493
PRD0100;9;67;INV001494
PRD0100;10;8;INV001495
PRD0100;11;83;INV001496
PRD0100;12;46;INV001497
PRD0100;13;64;INV001498
PRD0100;14;20;INV001499
PRD0100;15;96;INV001500
PRD0047;4;-89;INV000694
PRD0100;13;64;INV001498
PRD0076;11;1;INV001136
PRD0041;7;45;INV000607
PRD0074;13;53;INV001108
PRD0020;12;29;INV000297
PRD0084;9;94;INV001254
PRD0024;14;64;INV000359
PRD0052;7;39;INV000772
PRD0075;13;88;INV001123
PRD0080;7;44;INV001192
PRD0096;8;18;INV001433
PRD0010;2;81;INV000137
PRD0018;5;31;INV000260
PRD0066;3;63;INV000978
PRD0098;5;48;INV001460
PRD0047;3;91;INV000693
PRD0050;9;-51;INV000744
PRD0014;10;24;INV000205
PRD0097;10;83;INV001450
PRD0049;4;12;INV000724
PRD0089;14;-35;INV001334
PRD0027;14;55;INV000404
PRD0046;8;72;INV000683
PRD0015;1;79;INV000211
PRD0034;6;39;INV000501
PRD0028;15;44;INV000420
PRD0049;13;76;INV000733
PRD0039;7;36;INV000577
PRD0079;7;28;INV001177
PRD0082;3;6;INV001218
PRD0001;11;70;INV000011
PRD0032;8;36;INV000473
PRD0076;15;33;INV001140
PRD0088;3;76;INV001308
PRD0005;15;91;INV000075
PRD0043;12;34;INV000642
PRD0002;4;46;INV000019
PRD0083;5;68;INV001235
PRD0013;12;25;INV000192
PRD0077;14;-79;INV001154
PRD0092;10;10;INV001375
PRD0024;6;19;INV000351
PRD0071;6;45;INV001056
PRD0027;15;18;INV000405
PRD0077;1;33;INV001141
PRD0046;11;5;INV000686
PRD0065;14;72;INV000974
PRD0039;3;20;INV000573
PRD0058;14;-29;INV000869
PRD0077;7;32;INV001147
PRD0048;13;7;INV000718
PRD0024;7;72;INV000352
PRD0029;15;81;INV000435
PRD0085;6;98;INV001266
PRD0075;1;85;INV001111
PRD0079;5;15;INV001175
PRD0027;5;-51;INV000395
PRD0059;8;76;INV000878
PRD0063;9;69;INV000939
PRD0060;12;62;INV000897
PRD0048;1;3;INV000706
PRD0041;6;6;INV000606
PRD0048;5;58;INV000710
PRD0078;10;67;INV001165
PRD0097;1;90;INV001441
PRD0016;11;28;INV000236
PRD0055;14;38;INV000824
PRD0056;11;65;INV000836
PRD0010;1;20;INV000136
PRD0055;15;75;INV000825
PRD0083;4;10;INV001234
PRD0045;2;21;INV000662
PRD0056;5;-76;INV000830
PRD0027;7;18;INV000397
