sale_id;customer;employee_id;store_id;sale_date;product_id;quantity;payment_method_id;promotion_id;comments;unit_price;total_price
V1;C0075;E056;11;22/07/2023 0:13;PRD0035;8;PM02;;Envío a domicilio;34,91;279,28
V2;C0218;E046;12;28/03/2022 9:10;PRD0086;6;PM03;PROMO203;Entrega en tienda;-60,31;-361,86
V3;C0089;E004;5;23/03/2023 1:32;PRD0073;8;PM05;PROMO301;Entrega en tienda;13,36;106,88
V4;C0239;E023;3;02/04/2022 2:37;PRD0092;6;PM01;PROMO204;Entrega en tienda;20,66;123,96
V5;C0013;E038;6;21/06/2022 8:36;PRD0099;4;PM02;PROMO104;Envío a domicilio;59,19;236,76
V6;C0232;E037;10;24/08/2022 16:15;PRD0033;2;PM03;PROMO301;Entrega en tienda;56,14;112,28
V7;C0248;E053;8;20/09/2023 16:49;PRD0007;10;PM05;PROMO204;Entrega en tienda;17,52;175,2
V8;C0128;E031;10;23/09/2023 5:00;PRD0099;2;PM02;PROMO102;Entrega en tienda;59,19;118,38
V9;C0090;E009;9;15/06/2023 20:44;PRD0027;10;PM03;PROMO204;Envío a domicilio;60,35;603,5
V10;C0058;E051;14;20/05/2022 13:30;PRD0072;3;PM05;PROMO204;Envío a domicilio;55,79;167,37
V11;C0159;E023;10;22/08/2023 20:12;PRD0057;2;PM02;PROMO204;Entrega en tienda;27,68;55,36
V12;C0155;E005;7;26/09/2023 10:40;PRD0090;5;PM03;PROMO204;Entrega en tienda;59,19;295,95
V13;C0219;E015;15;09/09/2023 15:44;PRD0022;5;PM03;;Envío a domicilio;18,3;91,5
V14;C0116;E029;5;25/11/2022 21:26;PRD0013;10;PM03;PROMO203;Entrega en tienda;57,69;576,9
V15;C0171;E031;9;07/04/2022 5:59;PRD0026;4;PM01;PROMO103;Envío a domicilio;-29,97;-119,88
V16;C0104;E005;9;29/03/2023 7:53;PRD0044;2;PM03;PROMO201;Entrega en tienda;10,55;21,1
V17;C0043;E038;13;15/01/2022 7:15;PRD0042;6;PM05;PROMO101;Envío a domicilio;44,88;269,28
V18;C0112;E035;12;29/03/2022 6:33;PRD0006;2;PM05;PROMO201;Envío a domicilio;24,02;48,04
V19;C0019;E026;11;12/10/2022 9:40;PRD0006;4;PM05;PROMO101;Entrega en tienda;-24,02;-96,08
V20;C0232;E048;8;10/02/2022 19:11;PRD0079;7;PM01;PROMO202;Entrega en tienda;17,62;123,34
V21;C0207;E046;11;10/06/2023 17:51;PRD0058;1;PM01;PROMO204;Entrega en tienda;19,27;19,27
V22;C0093;E049;15;29/03/2022 21:51;PRD0048;10;PM05;PROMO204;Entrega en tienda;68,9;689
V23;C0206;E050;13;12/10/2023 9:36;PRD0019;1;PM05;PROMO301;Entrega en tienda;37,3;37,3
V24;C0056;E038;7;24/08/2022 18:12;PRD0014;5;PM01;PROMO204;Envío a domicilio;16,45;82,25
V25;C0170;E006;13;10/10/2023 14:08;PRD0024;5;PM05;PROMO104;Envío a domicilio;49,74;248,7
V26;C0158;E038;10;22/06/2022 11:00;PRD0008;3;PM03;PROMO102;Envío a domicilio;14,92;44,76
V27;C0076;E023;2;07/06/2023 19:13;PRD0058;6;PM03;PROMO205;Envío a domicilio;19,27;115,62
V28;C0121;E037;8;28/06/2022 20:12;PRD0039;6;PM01;PROMO104;Entrega en tienda;-28,36;-170,16
V29;C0085;E047;11;19/07/2023 8:51;PRD0076;4;PM05;PROMO301;Envío a domicilio;31,97;127,88
V30;C0143;E012;3;16/11/2023 7:59;PRD0050;3;PM03;PROMO101;Envío a domicilio;33,3;99,9
V31;C0068;E024;14;04/03/2022 23:37;PRD0031;6;PM03;;Entrega en tienda;14,14;84,84
V32;C0114;E031;4;26/08/2022 13:03;PRD0007;10;PM02;PROMO201;Entrega en tienda;-17,52;-175,2
V33;C0180;E019;4;05/06/2023 18:44;PRD0097;1;PM02;;Entrega en tienda;36,35;36,35
V34;C0029;E056;11;08/07/2022 0:44;PRD0065;8;PM01;PROMO102;Envío a domicilio;54,2;433,6
V35;C0095;E060;6;16/07/2022 9:10;PRD0100;8;PM02;PROMO204;Envío a domicilio;-31,81;-254,48
V36;C0180;E046;2;15/05/2023 10:23;PRD0044;2;PM05;PROMO204;Entrega en tienda;10,55;21,1
V37;C0170;E013;3;06/08/2022 12:46;PRD0031;4;PM02;PROMO205;Envío a domicilio;14,14;56,56
V38;C0170;E056;6;03/10/2023 11:54;PRD0075;5;PM01;PROMO102;Entrega en tienda;61,67;308,35
V39;C0125;E054;3;08/07/2022 8:25;PRD0029;2;PM02;PROMO203;Entrega en tienda;57,63;115,26
V40;C0064;E027;4;06/11/2023 7:21;PRD0011;9;PM01;PROMO301;Entrega en tienda;66,89;602,01
V41;C0142;E019;13;03/05/2023 20:01;PRD0051;3;PM02;PROMO103;Entrega en tienda;65,77;197,31
V42;C0073;E010;9;01/12/2023 13:42;PRD0087;5;PM02;PROMO102;Entrega en tienda;35,28;176,4
V43;C0024;E050;2;22/02/2023 19:40;PRD0027;10;PM01;PROMO205;Envío a domicilio;60,35;603,5
V44;C0102;E045;5;12/02/2022 17:59;PRD0058;6;PM01;PROMO203;Envío a domicilio;19,27;115,62
V45;C0070;E030;9;04/09/2022 6:44;PRD0031;8;PM02;PROMO205;Envío a domicilio;14,14;113,12
V46;C0052;E039;12;07/02/2023 16:22;PRD0070;3;PM02;PROMO101;Entrega en tienda;10,23;30,69
V47;C0028;E030;13;06/05/2022 10:59;PRD0010;1;PM01;PROMO102;Envío a domicilio;36,74;36,74
V48;C0112;E010;6;14/03/2022 10:41;PRD0055;7;PM03;PROMO204;Envío a domicilio;34,56;241,92
V49;C0038;E033;9;05/04/2023 8:13;PRD0049;6;PM01;PROMO202;Entrega en tienda;63,23;379,38
V50;C0207;E056;5;02/02/2022 15:10;PRD0019;4;PM03;PROMO202;Entrega en tienda;37,3;149,2
V51;C0147;E010;5;06/10/2022 20:41;PRD0041;4;PM05;PROMO205;Entrega en tienda;38,55;154,2
V52;C0122;E051;1;08/05/2022 9:19;PRD0023;2;PM05;PROMO204;Entrega en tienda;52,91;105,82
V53;C0176;E048;12;31/01/2023 1:35;PRD0099;4;PM02;PROMO204;Entrega en tienda;59,19;236,76
V54;C0019;E009;6;14/12/2023 19:08;PRD0043;8;PM05;PROMO203;Envío a domicilio;69,25;554
V55;C0144;E022;14;06/03/2023 8:14;PRD0068;4;PM01;PROMO103;Envío a domicilio;57,59;230,36
V56;C0098;E031;3;27/12/2022 21:26;PRD0078;9;PM01;PROMO104;Envío a domicilio;27,23;245,07
V57;C0097;E038;13;20/10/2022 14:40;PRD0096;8;PM02;PROMO204;Envío a domicilio;65,65;525,2
V58;C0216;E030;7;26/07/2022 17:36;PRD0039;9;PM05;PROMO205;Entrega en tienda;28,36;255,24
V59;C0063;E056;5;08/09/2022 16:36;PRD0065;4;PM01;PROMO204;Entrega en tienda;54,2;216,8
V60;C0021;E011;9;28/06/2023 12:29;PRD0023;6;PM03;PROMO102;Entrega en tienda;52,91;317,46
V61;C0132;E039;11;08/03/2022 6:37;PRD0027;1;PM05;PROMO201;Entrega en tienda;60,35;60,35
V62;C0160;E046;7;11/10/2023 18:49;PRD0088;3;PM05;PROMO101;Entrega en tienda;45,88;137,64
V63;C0118;E018;4;11/04/2022 12:00;PRD0018;8;PM02;PROMO203;Entrega en tienda;19,31;154,48
V64;C0197;E011;12;02/08/2023 23:01;PRD0096;9;PM02;;Entrega en tienda;65,65;590,85
V65;C0169;E023;15;15/12/2023 5:39;PRD0019;6;PM05;PROMO203;Envío a domicilio;37,3;223,8
V66;C0010;E006;5;11/04/2022 16:34;PRD0077;6;PM01;PROMO202;Entrega en tienda;69,98;419,88
V67;C0063;E021;8;13/09/2022 11:10;PRD0067;9;PM05;PROMO204;Entrega en tienda;47,03;423,27
V68;C0204;E023;5;03/07/2022 14:10;PRD0069;2;PM03;PROMO202;Envío a domicilio;59,6;119,2
V69;C0199;E057;10;03/08/2022 16:25;PRD0052;8;PM02;PROMO203;Entrega en tienda;23,02;184,16
V70;C0149;E044;8;04/06/2022 22:17;PRD0014;1;PM05;PROMO301;Entrega en tienda;16,45;16,45
V71;C0245;E047;6;20/04/2023 19:06;PRD0081;9;PM03;PROMO102;Envío a domicilio;-50,53;-454,77
V72;C0108;E053;1;16/05/2022 14:43;PRD0001;7;PM03;PROMO202;Envío a domicilio;40,33;282,31
V73;C0241;E054;12;02/01/2022 23:20;PRD0002;8;PM05;PROMO102;Envío a domicilio;60,63;485,04
V74;C0133;E037;14;02/01/2022 23:18;PRD0064;4;PM02;PROMO201;Envío a domicilio;69,55;278,2
V75;C0198;E022;8;13/03/2023 6:26;PRD0018;2;PM02;PROMO202;Entrega en tienda;19,31;38,62
V76;C0084;E059;8;15/10/2022 20:05;PRD0008;1;PM05;PROMO103;Envío a domicilio;-14,92;-14,92
V77;C0052;E008;2;28/06/2023 10:31;PRD0066;4;PM05;PROMO102;Entrega en tienda;46,06;184,24
V78;C0019;E048;2;28/05/2022 14:05;PRD0077;3;PM02;PROMO205;Envío a domicilio;69,98;209,94
V79;C0120;E007;11;14/07/2022 7:33;PRD0083;3;PM01;;Entrega en tienda;37;111
V80;C0147;E054;12;27/06/2022 23:06;PRD0023;7;PM05;PROMO203;Entrega en tienda;52,91;370,37
V81;C0158;E004;3;30/09/2023 5:37;PRD0025;8;PM02;PROMO301;Entrega en tienda;64,93;519,44
V82;C0209;E053;6;15/09/2022 10:03;PRD0062;10;PM03;PROMO103;Entrega en tienda;58,51;585,1
V83;C0032;E058;9;01/10/2022 0:35;PRD0045;5;PM02;PROMO204;Entrega en tienda;43,49;217,45
V84;C0246;E042;9;05/01/2022 18:15;PRD0031;8;PM05;PROMO104;Envío a domicilio;14,14;113,12
V85;C0196;E026;12;02/07/2023 23:05;PRD0009;7;PM03;PROMO103;Envío a domicilio;43,73;306,11
V86;C0008;E014;6;11/06/2022 1:30;PRD0008;10;PM03;PROMO103;Envío a domicilio;-14,92;-149,2
V87;C0245;E047;14;17/04/2023 13:14;PRD0019;3;PM02;PROMO103;Entrega en tienda;37,3;111,9
V88;C0079;E026;4;12/12/2023 16:51;PRD0071;6;PM01;PROMO202;Envío a domicilio;56,36;338,16
V89;C0218;E011;10;05/07/2023 3:23;PRD0060;10;PM03;PROMO103;Envío a domicilio;18,26;182,6
V90;C0101;E057;7;03/05/2022 22:05;PRD0047;1;PM03;PROMO104;Envío a domicilio;66,24;66,24
V91;C0072;E051;4;29/10/2022 3:23;PRD0096;7;PM05;PROMO104;Envío a domicilio;65,65;459,55
V92;C0127;E017;14;28/09/2023 22:11;PRD0023;4;PM03;PROMO104;Envío a domicilio;52,91;211,64
V93;C0102;E042;4;06/03/2022 17:41;PRD0009;1;PM02;PROMO103;Envío a domicilio;43,73;43,73
V94;C0227;E022;1;06/07/2023 8:09;PRD0082;9;PM03;PROMO202;Entrega en tienda;18,4;165,6
V95;C0014;E023;14;29/08/2023 12:17;PRD0045;1;PM05;PROMO102;Entrega en tienda;43,49;43,49
V96;C0206;E034;12;27/01/2023 7:46;PRD0037;3;PM01;PROMO201;Envío a domicilio;54,78;164,34
V97;C0157;E047;9;08/10/2023 14:06;PRD0034;5;PM02;PROMO104;Entrega en tienda;19,31;96,55
V98;C0238;E023;1;19/05/2023 20:43;PRD0060;1;PM02;PROMO203;Envío a domicilio;18,26;18,26
V99;C0152;E050;1;09/04/2022 19:53;PRD0002;7;PM01;PROMO203;Envío a domicilio;60,63;424,41
V100;C0049;E040;2;20/09/2022 16:49;PRD0076;9;PM05;;Entrega en tienda;31,97;287,73
V101;C0187;E046;13;21/01/2022 8:29;PRD0067;2;PM05;PROMO203;Entrega en tienda;47,03;94,06
V102;C0033;E033;15;28/01/2023 14:45;PRD0040;7;PM05;;Envío a domicilio;21,93;153,51
V103;C0104;E006;7;18/06/2022 11:59;PRD0018;8;PM01;PROMO204;Entrega en tienda;19,31;154,48
V104;C0039;E031;12;29/07/2023 4:23;PRD0032;8;PM02;PROMO104;Envío a domicilio;28,45;227,6
V105;C0069;E056;8;05/04/2023 19:27;PRD0080;6;PM03;PROMO102;Envío a domicilio;66,2;397,2
V106;C0088;E037;3;15/11/2022 18:08;PRD0006;7;PM05;PROMO202;Envío a domicilio;24,02;168,14
V107;C0121;E040;11;23/05/2022 2:09;PRD0058;7;PM02;;Envío a domicilio;19,27;134,89
V108;C0143;E019;13;26/03/2022 17:36;PRD0057;6;PM03;PROMO103;Envío a domicilio;27,68;166,08
V109;C0227;E059;8;07/12/2022 21:03;PRD0012;5;PM03;PROMO205;Entrega en tienda;-54,31;-271,55
V110;C0099;E045;12;24/09/2022 10:00;PRD0047;10;PM05;PROMO204;Envío a domicilio;66,24;662,4
V111;C0217;E021;9;01/05/2023 9:40;PRD0024;2;PM03;PROMO202;Entrega en tienda;49,74;99,48
V112;C0221;E016;1;07/02/2022 16:19;PRD0091;8;PM03;PROMO102;Envío a domicilio;18,7;149,6
V113;C0011;E048;11;05/12/2022 22:19;PRD0005;6;PM02;;Entrega en tienda;58,61;351,66
V114;C0132;E012;6;13/06/2022 1:13;PRD0069;8;PM03;PROMO104;Entrega en tienda;59,6;476,8
V115;C0145;E029;10;14/09/2022 9:57;PRD0071;7;PM05;PROMO205;Entrega en tienda;56,36;394,52
V116;C0107;E020;8;03/09/2022 8:50;PRD0076;3;PM05;PROMO204;Entrega en tienda;31,97;95,91
V117;C0012;E024;4;25/12/2022 17:49;PRD0003;9;PM03;PROMO101;Envío a domicilio;12,48;112,32
V118;C0137;E036;7;11/01/2022 14:38;PRD0070;3;PM05;PROMO101;Envío a domicilio;10,23;30,69
V119;C0215;E013;14;03/09/2023 9:17;PRD0082;10;PM05;PROMO103;Entrega en tienda;18,4;184
V120;C0155;E002;14;02/05/2022 4:08;PRD0098;10;PM02;PROMO301;Envío a domicilio;60,77;607,7
V121;C0239;E002;1;22/08/2022 11:40;PRD0095;3;PM05;PROMO202;Entrega en tienda;54,58;163,74
V122;C0115;E028;12;29/04/2023 3:07;PRD0055;7;PM05;PROMO202;Entrega en tienda;34,56;241,92
V123;C0202;E021;8;02/09/2022 21:15;PRD0071;6;PM05;PROMO103;Envío a domicilio;56,36;338,16
V124;C0145;E001;4;16/09/2023 2:24;PRD0022;7;PM05;;Entrega en tienda;18,3;128,1
V125;C0059;E022;11;25/06/2023 11:50;PRD0003;3;PM02;PROMO202;Entrega en tienda;12,48;37,44
V126;C0061;E060;10;06/03/2022 9:51;PRD0015;9;PM01;PROMO203;Entrega en tienda;67,18;604,62
V127;C0246;E038;8;21/03/2023 11:04;PRD0049;8;PM05;PROMO103;Entrega en tienda;63,23;505,84
V128;C0141;E028;15;01/05/2022 1:02;PRD0055;9;PM02;PROMO201;Envío a domicilio;34,56;311,04
V129;C0093;E060;5;18/01/2022 13:06;PRD0052;8;PM05;;Entrega en tienda;23,02;184,16
V130;C0232;E037;14;17/05/2023 9:44;PRD0071;10;PM01;PROMO201;Envío a domicilio;56,36;563,6
V131;C0012;E050;11;14/04/2023 6:06;PRD0081;9;PM03;PROMO201;Entrega en tienda;50,53;454,77
V132;C0212;E036;13;17/07/2023 1:14;PRD0095;4;PM02;PROMO203;Envío a domicilio;54,58;218,32
V133;C0026;E006;3;27/09/2022 19:28;PRD0013;8;PM02;PROMO101;Envío a domicilio;57,69;461,52
V134;C0057;E042;8;17/08/2022 18:27;PRD0055;3;PM03;PROMO101;Envío a domicilio;34,56;103,68
V135;C0013;E002;14;04/06/2023 5:26;PRD0027;5;PM03;PROMO301;Envío a domicilio;60,35;301,75
V136;C0159;E056;12;06/03/2022 20:30;PRD0043;3;PM02;PROMO201;Entrega en tienda;69,25;207,75
V137;C0046;E018;12;27/06/2022 0:10;PRD0011;9;PM05;PROMO204;Envío a domicilio;66,89;602,01
V138;C0215;E020;10;28/10/2022 14:44;PRD0002;9;PM01;PROMO101;Envío a domicilio;60,63;545,67
V139;C0176;E039;1;18/07/2022 22:30;PRD0050;4;PM01;PROMO301;Envío a domicilio;33,3;133,2
V140;C0214;E041;10;26/12/2022 0:13;PRD0070;6;PM01;PROMO102;Envío a domicilio;10,23;61,38
V141;C0168;E051;5;22/03/2023 6:03;PRD0093;5;PM03;PROMO201;Envío a domicilio;48,06;240,3
V142;C0109;E033;2;19/10/2022 4:40;PRD0095;4;PM05;PROMO201;Envío a domicilio;54,58;218,32
V143;C0045;E016;2;01/12/2023 2:32;PRD0045;2;PM01;PROMO201;Entrega en tienda;-43,49;-86,98
V144;C0006;E039;14;12/03/2022 3:30;PRD0037;4;PM03;;Entrega en tienda;54,78;219,12
V145;C0042;E007;15;06/01/2022 6:30;PRD0030;4;PM01;PROMO102;Entrega en tienda;43,97;175,88
V146;C0198;E011;6;30/10/2023 20:36;PRD0022;5;PM02;PROMO204;Envío a domicilio;18,3;91,5
V147;C0244;E033;2;06/09/2023 8:32;PRD0035;10;PM03;PROMO204;Entrega en tienda;34,91;349,1
V148;C0038;E044;5;03/08/2023 13:37;PRD0013;7;PM03;PROMO301;Entrega en tienda;57,69;403,83
V149;C0077;E036;4;09/03/2022 17:07;PRD0061;3;PM02;PROMO101;Envío a domicilio;17,07;51,21
V150;C0121;E001;5;03/05/2022 12:14;PRD0080;10;PM02;PROMO204;Envío a domicilio;66,2;662
V151;C0206;E049;2;18/04/2022 15:22;PRD0068;2;PM02;PROMO102;Envío a domicilio;57,59;115,18
V152;C0003;E032;3;24/12/2023 1:49;PRD0059;10;PM05;PROMO104;Envío a domicilio;11,89;118,9
V153;C0151;E039;4;18/07/2022 12:48;PRD0044;3;PM02;PROMO101;Envío a domicilio;10,55;31,65
V154;C0069;E058;4;10/07/2022 12:08;PRD0090;5;PM02;PROMO201;Entrega en tienda;59,19;295,95
V155;C0145;E027;3;08/12/2023 15:36;PRD0011;9;PM01;PROMO201;Entrega en tienda;66,89;602,01
V156;C0235;E044;13;28/04/2022 17:20;PRD0040;4;PM05;PROMO201;Envío a domicilio;21,93;87,72
V157;C0017;E017;11;15/01/2023 2:00;PRD0053;3;PM02;;Envío a domicilio;67,06;201,18
V158;C0235;E004;2;06/03/2022 14:13;PRD0060;3;PM02;PROMO204;Envío a domicilio;18,26;54,78
V159;C0235;E036;2;10/08/2023 2:09;PRD0087;10;PM01;PROMO104;Envío a domicilio;35,28;352,8
V160;C0141;E025;1;16/06/2023 1:13;PRD0099;8;PM05;;Entrega en tienda;-59,19;-473,52
V161;C0179;E055;9;21/06/2023 21:36;PRD0062;6;PM03;PROMO101;Entrega en tienda;58,51;351,06
V162;C0126;E028;10;04/03/2022 6:18;PRD0010;4;PM01;;Envío a domicilio;36,74;146,96
V163;C0150;E014;3;18/04/2022 4:38;PRD0075;5;PM05;PROMO103;Envío a domicilio;61,67;308,35
V164;C0034;E010;10;11/11/2023 21:47;PRD0058;6;PM02;PROMO101;Envío a domicilio;19,27;115,62
V165;C0008;E046;1;21/08/2023 0:37;PRD0027;10;PM03;PROMO101;Entrega en tienda;60,35;603,5
V166;C0011;E041;6;14/11/2022 7:27;PRD0081;8;PM05;PROMO204;Entrega en tienda;50,53;404,24
V167;C0244;E028;4;27/01/2023 7:47;PRD0001;5;PM03;PROMO101;Entrega en tienda;40,33;201,65
V168;C0125;E019;14;12/07/2022 14:32;PRD0045;1;PM02;;Entrega en tienda;43,49;43,49
V169;C0188;E015;9;28/09/2022 12:14;PRD0022;5;PM01;PROMO104;Entrega en tienda;18,3;91,5
V170;C0116;E004;2;06/11/2023 17:20;PRD0014;4;PM05;PROMO201;Entrega en tienda;16,45;65,8
V171;C0068;E001;7;02/02/2022 21:07;PRD0009;8;PM05;PROMO101;Entrega en tienda;43,73;349,84
V172;C0054;E009;10;12/09/2023 11:24;PRD0095;3;PM01;;Entrega en tienda;54,58;163,74
V173;C0056;E040;5;26/07/2023 7:18;PRD0093;7;PM01;PROMO202;Envío a domicilio;48,06;336,42
V174;C0012;E053;4;21/07/2023 8:01;PRD0099;5;PM01;PROMO203;Entrega en tienda;59,19;295,95
V175;C0188;E036;11;31/05/2023 11:14;PRD0007;5;PM05;PROMO101;Envío a domicilio;17,52;87,6
V176;C0219;E048;13;28/04/2023 3:45;PRD0035;8;PM01;PROMO202;Envío a domicilio;34,91;279,28
V177;C0111;E024;9;13/11/2023 5:55;PRD0076;5;PM03;PROMO202;Envío a domicilio;31,97;159,85
V178;C0080;E004;10;14/11/2023 14:20;PRD0054;7;PM03;PROMO203;Entrega en tienda;49,63;347,41
V179;C0096;E060;9;17/02/2022 14:59;PRD0081;3;PM01;PROMO204;Envío a domicilio;50,53;151,59
V180;C0118;E055;1;15/04/2022 9:53;PRD0011;7;PM01;PROMO202;Entrega en tienda;66,89;468,23
V181;C0064;E025;6;10/12/2022 3:30;PRD0067;8;PM03;PROMO301;Entrega en tienda;47,03;376,24
V182;C0185;E057;2;07/10/2022 22:29;PRD0087;7;PM01;PROMO204;Entrega en tienda;35,28;246,96
V183;C0085;E030;9;30/01/2023 18:23;PRD0002;1;PM02;PROMO101;Envío a domicilio;60,63;60,63
V184;C0079;E054;14;03/05/2023 6:47;PRD0035;2;PM01;PROMO204;Envío a domicilio;34,91;69,82
V185;C0103;E026;9;16/02/2023 5:46;PRD0018;9;PM01;PROMO102;Envío a domicilio;19,31;173,79
V186;C0179;E031;9;28/02/2022 5:59;PRD0030;6;PM05;PROMO205;Entrega en tienda;43,97;263,82
V187;C0096;E008;5;24/09/2022 6:36;PRD0100;3;PM01;PROMO301;Envío a domicilio;31,81;95,43
V188;C0199;E037;14;26/10/2022 18:40;PRD0056;2;PM05;PROMO104;Envío a domicilio;63,98;127,96
V189;C0018;E054;8;28/06/2022 17:36;PRD0077;1;PM02;PROMO101;Entrega en tienda;69,98;69,98
V190;C0072;E015;5;06/12/2023 6:32;PRD0059;6;PM01;PROMO202;Entrega en tienda;11,89;71,34
V191;C0179;E012;5;10/07/2023 17:35;PRD0099;6;PM05;PROMO201;Envío a domicilio;59,19;355,14
V192;C0177;E052;10;21/01/2022 2:24;PRD0074;5;PM02;;Envío a domicilio;52,53;262,65
V193;C0233;E005;6;09/07/2022 15:43;PRD0097;5;PM01;;Envío a domicilio;-36,35;-181,75
V194;C0201;E059;10;15/11/2023 1:23;PRD0086;9;PM05;PROMO202;Envío a domicilio;60,31;542,79
V195;C0083;E031;12;27/07/2023 9:42;PRD0029;4;PM05;PROMO104;Envío a domicilio;57,63;230,52
V196;C0223;E027;3;26/04/2022 5:56;PRD0085;2;PM02;PROMO102;Entrega en tienda;55,57;111,14
V197;C0013;E018;13;07/04/2022 12:09;PRD0041;4;PM02;PROMO202;Envío a domicilio;-38,55;-154,2
V198;C0244;E035;11;18/11/2023 17:05;PRD0015;7;PM03;PROMO205;Entrega en tienda;67,18;470,26
V199;C0114;E042;13;10/11/2022 18:23;PRD0021;2;PM05;PROMO202;Entrega en tienda;-54,38;-108,76
V200;C0144;E049;5;27/06/2023 15:28;PRD0032;5;PM03;PROMO101;Envío a domicilio;28,45;142,25
V201;C0180;E006;15;23/11/2022 2:05;PRD0066;7;PM03;PROMO301;Envío a domicilio;46,06;322,42
V202;C0079;E001;13;22/11/2022 6:01;PRD0044;9;PM02;PROMO203;Entrega en tienda;10,55;94,95
V203;C0179;E005;2;03/05/2023 2:28;PRD0044;2;PM05;PROMO104;Entrega en tienda;-10,55;-21,1
V204;C0006;E045;3;16/12/2023 3:48;PRD0052;6;PM02;PROMO202;Envío a domicilio;23,02;138,12
V205;C0080;E060;14;22/01/2022 23:10;PRD0030;5;PM05;PROMO301;Envío a domicilio;43,97;219,85
V206;C0163;E009;7;11/08/2023 5:49;PRD0096;2;PM02;PROMO201;Envío a domicilio;65,65;131,3
V207;C0072;E008;15;29/10/2023 23:03;PRD0057;3;PM01;PROMO202;Envío a domicilio;27,68;83,04
V208;C0208;E024;11;22/05/2022 10:57;PRD0018;4;PM05;PROMO203;Entrega en tienda;19,31;77,24
V209;C0226;E055;3;16/06/2023 17:26;PRD0071;6;PM02;PROMO102;Envío a domicilio;56,36;338,16
V210;C0021;E018;8;23/05/2023 13:46;PRD0077;10;PM05;PROMO102;Envío a domicilio;69,98;699,8
V211;C0091;E009;10;01/02/2023 7:23;PRD0020;1;PM03;PROMO102;Entrega en tienda;54,33;54,33
V212;C0057;E032;12;05/12/2023 23:31;PRD0085;8;PM05;;Envío a domicilio;55,57;444,56
V213;C0247;E022;8;22/04/2022 23:49;PRD0081;3;PM01;PROMO301;Entrega en tienda;50,53;151,59
V214;C0086;E040;10;18/10/2022 4:33;PRD0097;7;PM02;PROMO104;Entrega en tienda;36,35;254,45
V215;C0127;E020;3;04/09/2023 8:44;PRD0076;9;PM01;PROMO104;Entrega en tienda;31,97;287,73
V216;C0165;E020;15;31/07/2023 9:44;PRD0083;2;PM03;PROMO301;Entrega en tienda;37;74
V217;C0248;E057;12;19/07/2023 7:29;PRD0062;7;PM02;PROMO103;Envío a domicilio;58,51;409,57
V218;C0113;E051;1;20/09/2022 3:03;PRD0038;2;PM02;PROMO203;Envío a domicilio;65,43;130,86
V219;C0240;E029;12;29/10/2022 16:53;PRD0092;1;PM03;PROMO101;Envío a domicilio;20,66;20,66
V220;C0153;E008;13;15/05/2023 4:41;PRD0050;3;PM02;PROMO202;Entrega en tienda;33,3;99,9
V221;C0155;E021;12;11/06/2022 17:55;PRD0071;5;PM01;PROMO301;Envío a domicilio;56,36;281,8
V222;C0074;E053;2;17/04/2023 4:43;PRD0007;1;PM02;PROMO202;Entrega en tienda;17,52;17,52
V223;C0009;E018;4;27/07/2023 18:43;PRD0052;7;PM05;PROMO205;Entrega en tienda;23,02;161,14
V224;C0069;E016;5;21/04/2022 22:40;PRD0089;2;PM01;PROMO201;Entrega en tienda;19,6;39,2
V225;C0136;E047;14;17/12/2022 17:05;PRD0029;2;PM01;PROMO205;Entrega en tienda;-57,63;-115,26
V226;C0152;E049;15;08/03/2022 19:24;PRD0042;9;PM05;PROMO103;Entrega en tienda;44,88;403,92
V227;C0249;E050;3;03/07/2022 19:21;PRD0035;2;PM03;PROMO301;Entrega en tienda;34,91;69,82
V228;C0039;E039;4;05/07/2022 8:52;PRD0031;4;PM01;PROMO101;Entrega en tienda;14,14;56,56
V229;C0163;E038;7;17/01/2023 6:31;PRD0071;4;PM02;PROMO202;Entrega en tienda;56,36;225,44
V230;C0098;E031;4;11/07/2023 3:47;PRD0047;8;PM01;PROMO204;Envío a domicilio;66,24;529,92
V231;C0132;E047;6;24/06/2023 4:59;PRD0034;1;PM02;PROMO203;Envío a domicilio;19,31;19,31
V232;C0086;E015;3;08/10/2023 15:42;PRD0017;3;PM03;PROMO103;Entrega en tienda;-39,3;-117,9
V233;C0197;E034;8;08/06/2022 7:47;PRD0008;2;PM02;PROMO102;Entrega en tienda;14,92;29,84
V234;C0232;E016;12;31/05/2022 3:56;PRD0013;4;PM02;PROMO102;Entrega en tienda;57,69;230,76
V235;C0035;E054;15;19/07/2022 16:04;PRD0017;5;PM03;PROMO104;Entrega en tienda;39,3;196,5
V236;C0046;E042;7;09/01/2022 7:08;PRD0010;6;PM05;;Envío a domicilio;36,74;220,44
V237;C0111;E040;1;02/05/2023 22:30;PRD0040;10;PM02;PROMO301;Envío a domicilio;21,93;219,3
V238;C0014;E017;9;16/08/2022 21:34;PRD0030;5;PM03;PROMO301;Entrega en tienda;43,97;219,85
V239;C0075;E004;12;25/03/2022 17:04;PRD0051;7;PM01;PROMO102;Envío a domicilio;65,77;460,39
V240;C0155;E039;9;17/10/2022 16:02;PRD0095;6;PM02;PROMO203;Envío a domicilio;-54,58;-327,48
V241;C0019;E046;9;09/06/2023 3:12;PRD0015;1;PM05;;Envío a domicilio;67,18;67,18
V242;C0169;E001;13;22/09/2023 9:03;PRD0056;3;PM05;PROMO202;Envío a domicilio;63,98;191,94
V243;C0216;E009;2;09/08/2023 21:36;PRD0093;2;PM03;PROMO203;Envío a domicilio;48,06;96,12
V244;C0243;E034;14;29/12/2023 7:01;PRD0029;4;PM05;PROMO103;Entrega en tienda;57,63;230,52
V245;C0194;E005;1;17/04/2022 21:36;PRD0075;5;PM02;PROMO203;Entrega en tienda;61,67;308,35
V246;C0227;E017;9;13/03/2022 0:27;PRD0055;1;PM01;PROMO301;Entrega en tienda;34,56;34,56
V247;C0065;E047;9;13/12/2023 4:27;PRD0074;5;PM02;PROMO101;Entrega en tienda;52,53;262,65
V248;C0162;E022;11;18/03/2023 17:44;PRD0030;10;PM03;PROMO204;Envío a domicilio;-43,97;-439,7
V249;C0100;E001;1;02/12/2022 16:14;PRD0059;8;PM03;PROMO205;Entrega en tienda;11,89;95,12
V250;C0120;E054;8;25/02/2022 17:46;PRD0055;6;PM03;PROMO101;Envío a domicilio;34,56;207,36
V251;C0063;E027;4;24/05/2022 18:27;PRD0088;2;PM03;PROMO104;Entrega en tienda;45,88;91,76
V252;C0131;E008;13;03/08/2023 8:57;PRD0058;1;PM01;PROMO103;Entrega en tienda;-19,27;-19,27
V253;C0014;E001;5;19/11/2023 2:51;PRD0041;3;PM05;PROMO205;Envío a domicilio;38,55;115,65
V254;C0218;E034;15;17/03/2023 2:17;PRD0034;7;PM03;PROMO102;Envío a domicilio;19,31;135,17
V255;C0150;E017;10;25/07/2022 19:19;PRD0085;10;PM03;PROMO102;Entrega en tienda;55,57;555,7
V256;C0065;E021;8;06/03/2023 4:24;PRD0060;8;PM03;PROMO104;Envío a domicilio;18,26;146,08
V257;C0193;E025;6;06/08/2023 23:06;PRD0065;4;PM03;PROMO301;Entrega en tienda;54,2;216,8
V258;C0196;E012;1;01/08/2022 20:18;PRD0040;6;PM05;PROMO104;Envío a domicilio;21,93;131,58
V259;C0032;E029;4;22/09/2023 22:08;PRD0021;1;PM05;PROMO301;Entrega en tienda;54,38;54,38
V260;C0050;E015;11;11/01/2022 2:22;PRD0020;6;PM02;PROMO205;Envío a domicilio;54,33;325,98
V261;C0128;E004;13;22/04/2023 16:18;PRD0057;6;PM05;;Envío a domicilio;27,68;166,08
V262;C0072;E043;5;25/07/2022 13:33;PRD0088;7;PM03;PROMO301;Entrega en tienda;45,88;321,16
V263;C0233;E045;8;14/12/2022 21:40;PRD0068;1;PM02;PROMO102;Envío a domicilio;57,59;57,59
V264;C0071;E049;7;13/06/2023 6:39;PRD0012;2;PM01;PROMO104;Envío a domicilio;54,31;108,62
V265;C0165;E023;3;22/06/2023 18:40;PRD0005;6;PM05;PROMO301;Entrega en tienda;-58,61;-351,66
V266;C0041;E044;6;13/04/2022 19:39;PRD0021;6;PM01;;Envío a domicilio;54,38;326,28
V267;C0177;E005;3;05/11/2023 18:08;PRD0056;2;PM05;PROMO301;Envío a domicilio;63,98;127,96
V268;C0219;E032;5;23/07/2023 15:41;PRD0052;6;PM02;PROMO201;Envío a domicilio;-23,02;-138,12
V269;C0052;E034;4;10/04/2023 22:36;PRD0060;8;PM01;PROMO103;Entrega en tienda;18,26;146,08
V270;C0228;E041;15;18/10/2023 15:55;PRD0059;6;PM02;PROMO102;Envío a domicilio;11,89;71,34
V271;C0080;E006;7;25/07/2023 19:44;PRD0071;5;PM01;PROMO301;Entrega en tienda;56,36;281,8
V272;C0063;E049;14;08/08/2022 0:08;PRD0041;1;PM03;PROMO104;Envío a domicilio;38,55;38,55
V273;C0035;E029;13;20/08/2022 21:47;PRD0090;2;PM03;PROMO103;Envío a domicilio;59,19;118,38
V274;C0151;E054;13;16/02/2023 4:57;PRD0026;2;PM03;PROMO203;Entrega en tienda;29,97;59,94
V275;C0212;E009;13;16/09/2023 12:13;PRD0023;8;PM05;PROMO201;Envío a domicilio;52,91;423,28
V276;C0211;E036;9;09/12/2022 20:16;PRD0097;7;PM05;PROMO301;Envío a domicilio;36,35;254,45
V277;C0127;E009;14;09/06/2023 21:08;PRD0040;6;PM01;;Envío a domicilio;21,93;131,58
V278;C0200;E020;6;27/09/2022 2:30;PRD0045;9;PM01;PROMO103;Envío a domicilio;-43,49;-391,41
V279;C0025;E043;5;20/08/2022 5:52;PRD0047;6;PM01;PROMO103;Entrega en tienda;66,24;397,44
V280;C0184;E010;12;10/04/2023 0:39;PRD0031;1;PM03;;Envío a domicilio;14,14;14,14
V281;C0148;E015;12;12/10/2023 6:28;PRD0034;4;PM01;PROMO204;Envío a domicilio;19,31;77,24
V282;C0234;E029;13;02/12/2022 4:25;PRD0059;3;PM05;PROMO104;Entrega en tienda;11,89;35,67
V283;C0116;E015;12;28/05/2023 8:22;PRD0100;9;PM05;PROMO205;Envío a domicilio;31,81;286,29
V284;C0170;E052;4;15/01/2022 14:36;PRD0045;9;PM01;PROMO104;Envío a domicilio;-43,49;-391,41
V285;C0235;E044;13;06/03/2023 14:08;PRD0022;3;PM05;PROMO301;Entrega en tienda;18,3;54,9
V286;C0212;E026;15;31/03/2023 15:25;PRD0035;9;PM03;;Entrega en tienda;34,91;314,19
V287;C0060;E031;6;03/12/2022 2:31;PRD0071;8;PM03;PROMO102;Entrega en tienda;56,36;450,88
V288;C0241;E016;13;05/03/2022 11:23;PRD0090;7;PM05;PROMO201;Entrega en tienda;59,19;414,33
V289;C0116;E017;4;08/08/2023 0:36;PRD0049;3;PM02;PROMO103;Envío a domicilio;63,23;189,69
V290;C0038;E013;5;12/04/2023 17:30;PRD0041;4;PM05;PROMO204;Envío a domicilio;38,55;154,2
V291;C0192;E006;13;10/06/2023 8:28;PRD0096;10;PM05;PROMO102;Envío a domicilio;65,65;656,5
V292;C0043;E027;4;24/08/2023 23:41;PRD0046;9;PM05;PROMO205;Envío a domicilio;49,1;441,9
V293;C0183;E010;7;08/03/2022 1:27;PRD0088;4;PM01;PROMO104;Envío a domicilio;45,88;183,52
V294;C0239;E059;12;25/08/2023 22:10;PRD0065;4;PM05;PROMO201;Envío a domicilio;54,2;216,8
V295;C0006;E036;14;13/11/2023 8:25;PRD0037;4;PM02;PROMO101;Envío a domicilio;54,78;219,12
V296;C0225;E026;7;07/03/2022 10:43;PRD0060;9;PM02;PROMO104;Envío a domicilio;18,26;164,34
V297;C0101;E011;3;16/02/2022 14:11;PRD0049;2;PM03;PROMO104;Envío a domicilio;63,23;126,46
V298;C0131;E025;15;08/06/2023 18:11;PRD0060;4;PM05;PROMO203;Envío a domicilio;18,26;73,04
V299;C0180;E023;2;04/09/2023 16:08;PRD0053;4;PM05;PROMO103;Entrega en tienda;-67,06;-268,24
V300;C0046;E013;5;22/07/2023 2:34;PRD0060;6;PM03;PROMO202;Envío a domicilio;18,26;109,56
V301;C0081;E048;13;12/11/2023 19:34;PRD0045;10;PM03;PROMO103;Entrega en tienda;43,49;434,9
V302;C0243;E014;8;10/01/2023 0:12;PRD0025;7;PM03;PROMO203;Entrega en tienda;64,93;454,51
V303;C0098;E037;2;27/05/2022 22:12;PRD0036;1;PM01;PROMO201;Entrega en tienda;16,65;16,65
V304;C0029;E003;6;07/01/2023 2:57;PRD0100;6;PM05;PROMO202;Envío a domicilio;31,81;190,86
V305;C0039;E039;4;27/11/2023 16:32;PRD0024;1;PM05;PROMO102;Entrega en tienda;49,74;49,74
V306;C0147;E029;1;19/06/2023 7:36;PRD0091;1;PM02;PROMO204;Entrega en tienda;18,7;18,7
V307;C0212;E040;15;09/07/2022 23:22;PRD0029;7;PM05;PROMO203;Envío a domicilio;57,63;403,41
V308;C0010;E035;4;18/04/2023 3:04;PRD0076;5;PM01;PROMO301;Entrega en tienda;31,97;159,85
V309;C0244;E051;13;22/01/2023 7:14;PRD0073;10;PM02;PROMO205;Envío a domicilio;-13,36;-133,6
V310;C0247;E004;9;16/10/2022 4:13;PRD0078;3;PM01;PROMO202;Envío a domicilio;27,23;81,69
V311;C0210;E033;15;29/09/2023 14:57;PRD0009;7;PM05;PROMO201;Entrega en tienda;43,73;306,11
V312;C0125;E054;11;18/12/2023 6:13;PRD0047;5;PM01;;Entrega en tienda;-66,24;-331,2
V313;C0164;E038;15;14/01/2023 21:25;PRD0044;8;PM05;PROMO104;Entrega en tienda;-10,55;-84,4
V314;C0126;E038;9;06/03/2022 17:47;PRD0035;4;PM03;PROMO101;Entrega en tienda;34,91;139,64
V315;C0216;E001;5;01/06/2023 14:31;PRD0039;7;PM05;PROMO204;Entrega en tienda;28,36;198,52
V316;C0236;E052;9;22/01/2023 18:12;PRD0086;9;PM03;PROMO204;Envío a domicilio;60,31;542,79
V317;C0211;E001;4;17/06/2023 17:30;PRD0047;9;PM03;PROMO301;Entrega en tienda;66,24;596,16
V318;C0219;E038;9;19/04/2023 0:54;PRD0068;1;PM03;PROMO203;Entrega en tienda;57,59;57,59
V319;C0101;E052;13;09/05/2023 19:46;PRD0090;10;PM01;;Envío a domicilio;-59,19;-591,9
V320;C0186;E046;14;14/09/2022 1:27;PRD0034;8;PM05;PROMO102;Envío a domicilio;19,31;154,48
V321;C0236;E006;7;09/05/2022 9:24;PRD0003;10;PM03;PROMO104;Envío a domicilio;12,48;124,8
V322;C0024;E021;1;16/03/2022 7:04;PRD0039;3;PM05;PROMO201;Entrega en tienda;28,36;85,08
V323;C0250;E024;1;19/06/2022 5:31;PRD0073;10;PM01;PROMO205;Entrega en tienda;13,36;133,6
V324;C0245;E012;12;26/10/2023 15:46;PRD0060;1;PM05;PROMO202;Entrega en tienda;18,26;18,26
V325;C0226;E051;3;11/01/2022 18:01;PRD0069;7;PM01;PROMO205;Envío a domicilio;59,6;417,2
V326;C0080;E024;15;09/03/2023 18:49;PRD0057;1;PM02;PROMO202;Envío a domicilio;27,68;27,68
V327;C0228;E037;6;21/07/2022 18:33;PRD0025;9;PM03;PROMO301;Envío a domicilio;64,93;584,37
V328;C0223;E027;1;14/06/2023 10:11;PRD0062;1;PM02;PROMO101;Entrega en tienda;58,51;58,51
V329;C0159;E053;1;16/11/2022 4:15;PRD0040;5;PM01;PROMO205;Envío a domicilio;21,93;109,65
V330;C0210;E025;15;07/09/2022 3:00;PRD0073;5;PM01;PROMO104;Entrega en tienda;13,36;66,8
V331;C0041;E021;3;16/09/2023 18:10;PRD0048;1;PM03;PROMO103;Envío a domicilio;68,9;68,9
V332;C0072;E039;6;13/05/2023 20:55;PRD0031;5;PM03;PROMO301;Envío a domicilio;14,14;70,7
V333;C0165;E058;2;07/01/2023 3:22;PRD0009;9;PM05;PROMO201;Entrega en tienda;43,73;393,57
V334;C0237;E041;13;03/10/2023 1:43;PRD0044;6;PM05;PROMO205;Entrega en tienda;-10,55;-63,3
V335;C0096;E056;8;26/02/2023 2:36;PRD0086;3;PM01;PROMO301;Entrega en tienda;60,31;180,93
V336;C0178;E042;1;18/10/2022 3:28;PRD0094;9;PM02;PROMO102;Entrega en tienda;54,07;486,63
V337;C0210;E030;10;11/04/2023 1:51;PRD0062;5;PM01;PROMO201;Envío a domicilio;58,51;292,55
V338;C0151;E046;6;06/09/2022 4:15;PRD0091;2;PM01;PROMO205;Entrega en tienda;18,7;37,4
V339;C0139;E008;13;31/03/2023 3:58;PRD0018;5;PM01;PROMO205;Envío a domicilio;19,31;96,55
V340;C0121;E043;2;22/05/2023 3:37;PRD0040;3;PM05;PROMO202;Envío a domicilio;21,93;65,79
V341;C0072;E021;2;16/07/2023 14:49;PRD0052;6;PM02;PROMO204;Entrega en tienda;23,02;138,12
V342;C0248;E034;4;18/01/2022 22:44;PRD0011;5;PM05;PROMO103;Envío a domicilio;66,89;334,45
V343;C0117;E008;15;25/11/2023 10:40;PRD0096;2;PM05;PROMO103;Entrega en tienda;65,65;131,3
V344;C0039;E037;2;14/06/2022 20:50;PRD0019;7;PM02;PROMO103;Entrega en tienda;37,3;261,1
V345;C0089;E033;6;03/11/2022 14:21;PRD0041;1;PM01;PROMO205;Entrega en tienda;38,55;38,55
V346;C0101;E008;4;18/08/2023 22:53;PRD0030;3;PM05;PROMO205;Envío a domicilio;43,97;131,91
V347;C0245;E050;5;07/10/2022 11:06;PRD0037;1;PM03;PROMO103;Envío a domicilio;54,78;54,78
V348;C0162;E029;13;07/02/2023 4:23;PRD0063;6;PM03;PROMO203;Entrega en tienda;51,94;311,64
V349;C0086;E017;8;05/05/2023 5:07;PRD0036;6;PM02;PROMO103;Envío a domicilio;16,65;99,9
V350;C0208;E035;4;03/09/2022 18:29;PRD0074;4;PM03;PROMO102;Entrega en tienda;52,53;210,12
V351;C0109;E058;7;09/05/2022 9:35;PRD0058;10;PM03;PROMO102;Envío a domicilio;19,27;192,7
V352;C0225;E009;12;05/06/2023 3:09;PRD0086;2;PM01;PROMO205;Envío a domicilio;60,31;120,62
V353;C0008;E050;15;28/12/2022 8:51;PRD0100;4;PM03;PROMO203;Envío a domicilio;31,81;127,24
V354;C0108;E060;1;28/06/2023 19:08;PRD0026;8;PM05;PROMO102;Envío a domicilio;29,97;239,76
V355;C0146;E002;12;21/11/2022 14:33;PRD0094;2;PM01;PROMO102;Envío a domicilio;54,07;108,14
V356;C0148;E043;11;14/04/2022 12:02;PRD0014;8;PM03;;Envío a domicilio;16,45;131,6
V357;C0046;E014;10;28/06/2023 23:18;PRD0079;7;PM05;PROMO202;Entrega en tienda;17,62;123,34
V358;C0110;E027;2;03/05/2023 22:24;PRD0009;2;PM05;PROMO202;Entrega en tienda;43,73;87,46
V359;C0196;E002;14;28/01/2022 13:05;PRD0020;6;PM05;PROMO103;Entrega en tienda;54,33;325,98
V360;C0002;E046;9;01/11/2023 21:06;PRD0053;6;PM05;PROMO103;Envío a domicilio;-67,06;-402,36
V361;C0059;E059;10;13/05/2022 4:58;PRD0063;2;PM01;PROMO205;Envío a domicilio;51,94;103,88
V362;C0124;E057;10;05/05/2022 20:37;PRD0043;7;PM03;PROMO104;Envío a domicilio;69,25;484,75
V363;C0239;E050;11;25/10/2022 21:25;PRD0042;8;PM02;PROMO205;Envío a domicilio;44,88;359,04
V364;C0181;E025;11;21/09/2023 13:00;PRD0047;9;PM02;;Envío a domicilio;66,24;596,16
V365;C0090;E030;7;30/01/2022 3:57;PRD0020;1;PM05;PROMO205;Envío a domicilio;54,33;54,33
V366;C0118;E034;6;25/04/2023 19:30;PRD0007;1;PM01;PROMO102;Entrega en tienda;17,52;17,52
V367;C0012;E005;10;06/11/2022 2:26;PRD0080;10;PM02;PROMO204;Envío a domicilio;66,2;662
V368;C0078;E027;10;03/06/2023 17:31;PRD0044;10;PM03;PROMO301;Envío a domicilio;10,55;105,5
V369;C0143;E024;5;13/03/2023 4:40;PRD0089;6;PM03;PROMO103;Entrega en tienda;19,6;117,6
V370;C0199;E017;11;06/04/2023 16:50;PRD0028;8;PM01;PROMO101;Envío a domicilio;43,39;347,12
V371;C0199;E011;10;21/06/2022 0:49;PRD0051;7;PM03;PROMO102;Envío a domicilio;-65,77;-460,39
V372;C0025;E032;11;22/08/2022 17:10;PRD0090;2;PM01;PROMO204;Entrega en tienda;59,19;118,38
V373;C0001;E042;9;30/07/2023 23:06;PRD0043;1;PM01;PROMO203;Envío a domicilio;69,25;69,25
V374;C0088;E055;10;07/08/2023 3:02;PRD0096;4;PM01;PROMO201;Entrega en tienda;65,65;262,6
V375;C0161;E034;13;10/06/2022 5:37;PRD0019;5;PM01;PROMO203;Entrega en tienda;37,3;186,5
V376;C0118;E017;5;24/10/2023 16:34;PRD0019;3;PM02;PROMO101;Entrega en tienda;37,3;111,9
V377;C0146;E046;10;22/10/2023 1:44;PRD0058;9;PM05;PROMO205;Envío a domicilio;19,27;173,43
V378;C0030;E060;4;09/10/2023 3:51;PRD0035;6;PM02;PROMO205;Envío a domicilio;34,91;209,46
V379;C0200;E023;14;30/04/2023 2:58;PRD0001;7;PM03;;Envío a domicilio;40,33;282,31
V380;C0146;E001;14;17/01/2022 10:52;PRD0070;5;PM02;PROMO202;Entrega en tienda;10,23;51,15
V381;C0213;E027;2;30/07/2023 20:21;PRD0051;1;PM05;PROMO205;Envío a domicilio;65,77;65,77
V382;C0094;E011;13;01/03/2023 9:46;PRD0089;7;PM03;PROMO204;Entrega en tienda;19,6;137,2
V383;C0022;E022;7;26/08/2023 13:21;PRD0057;5;PM01;PROMO101;Entrega en tienda;-27,68;-138,4
V384;C0215;E033;4;05/02/2022 23:05;PRD0080;7;PM03;PROMO104;Envío a domicilio;-66,2;-463,4
V385;C0223;E047;2;10/10/2023 23:04;PRD0075;2;PM05;PROMO301;Envío a domicilio;61,67;123,34
V386;C0129;E054;12;23/11/2022 7:15;PRD0066;6;PM01;PROMO202;Envío a domicilio;46,06;276,36
V387;C0190;E008;6;24/06/2023 3:18;PRD0026;10;PM05;PROMO103;Envío a domicilio;-29,97;-299,7
V388;C0110;E027;4;24/01/2022 16:47;PRD0067;3;PM01;PROMO201;Entrega en tienda;47,03;141,09
V389;C0248;E007;12;09/04/2022 21:14;PRD0033;7;PM05;PROMO102;Envío a domicilio;56,14;392,98
V390;C0184;E023;11;07/02/2023 21:13;PRD0088;3;PM02;PROMO204;Envío a domicilio;45,88;137,64
V391;C0117;E039;11;22/11/2023 17:17;PRD0041;10;PM05;PROMO102;Entrega en tienda;-38,55;-385,5
V392;C0112;E027;9;04/01/2022 6:04;PRD0099;4;PM05;PROMO201;Entrega en tienda;59,19;236,76
V393;C0197;E014;13;22/12/2022 15:52;PRD0063;2;PM05;;Entrega en tienda;51,94;103,88
V394;C0023;E059;1;30/05/2022 0:47;PRD0062;2;PM02;PROMO104;Envío a domicilio;58,51;117,02
V395;C0245;E050;12;12/07/2022 0:57;PRD0014;5;PM05;PROMO301;Envío a domicilio;16,45;82,25
V396;C0190;E007;5;25/09/2022 20:15;PRD0002;3;PM05;PROMO101;Entrega en tienda;-60,63;-181,89
V397;C0039;E056;12;02/07/2023 10:35;PRD0007;5;PM01;PROMO201;Entrega en tienda;17,52;87,6
V398;C0022;E029;8;20/06/2022 4:57;PRD0060;7;PM03;PROMO101;Entrega en tienda;18,26;127,82
V399;C0212;E045;8;29/10/2023 14:38;PRD0081;5;PM05;PROMO103;Entrega en tienda;50,53;252,65
V400;C0179;E010;12;22/03/2023 10:45;PRD0019;2;PM05;PROMO205;Entrega en tienda;37,3;74,6
V401;C0017;E043;7;07/07/2022 17:07;PRD0004;8;PM03;PROMO103;Envío a domicilio;32,76;262,08
V402;C0166;E049;5;26/11/2023 18:30;PRD0063;9;PM05;PROMO301;Envío a domicilio;51,94;467,46
V403;C0024;E053;1;12/03/2022 1:12;PRD0083;1;PM02;PROMO205;Envío a domicilio;37;37
V404;C0230;E019;11;07/03/2022 2:30;PRD0053;9;PM02;PROMO104;Entrega en tienda;67,06;603,54
V405;C0136;E040;3;08/08/2023 11:35;PRD0095;8;PM02;;Envío a domicilio;54,58;436,64
V406;C0110;E034;6;28/05/2022 14:40;PRD0009;5;PM05;PROMO204;Envío a domicilio;43,73;218,65
V407;C0086;E059;14;27/03/2023 5:59;PRD0025;2;PM03;PROMO202;Envío a domicilio;-64,93;-129,86
V408;C0010;E008;14;17/05/2023 16:39;PRD0069;2;PM05;PROMO202;Entrega en tienda;59,6;119,2
V409;C0062;E046;9;07/02/2023 3:00;PRD0087;8;PM05;PROMO205;Envío a domicilio;35,28;282,24
V410;C0215;E017;11;23/06/2022 16:47;PRD0030;5;PM01;PROMO204;Entrega en tienda;43,97;219,85
V411;C0184;E047;12;28/01/2023 19:13;PRD0001;10;PM02;PROMO301;Entrega en tienda;40,33;403,3
V412;C0011;E027;14;02/02/2022 10:48;PRD0067;9;PM01;PROMO103;Envío a domicilio;47,03;423,27
V413;C0175;E050;11;26/11/2023 12:23;PRD0002;8;PM02;PROMO101;Entrega en tienda;-60,63;-485,04
V414;C0218;E003;2;27/10/2022 19:07;PRD0034;4;PM03;;Envío a domicilio;19,31;77,24
V415;C0176;E001;11;06/01/2023 20:42;PRD0042;5;PM05;PROMO104;Envío a domicilio;44,88;224,4
V416;C0220;E033;5;28/10/2022 0:52;PRD0026;7;PM02;PROMO203;Envío a domicilio;29,97;209,79
V417;C0124;E024;10;25/01/2023 10:54;PRD0026;9;PM05;;Entrega en tienda;-29,97;-269,73
V418;C0185;E016;6;04/10/2022 0:48;PRD0098;3;PM03;PROMO102;Entrega en tienda;60,77;182,31
V419;C0126;E005;5;18/02/2023 13:16;PRD0096;1;PM02;PROMO201;Entrega en tienda;65,65;65,65
V420;C0178;E030;5;29/08/2023 5:07;PRD0079;2;PM01;PROMO205;Envío a domicilio;17,62;35,24
V421;C0042;E024;7;26/01/2022 6:08;PRD0037;10;PM01;PROMO102;Entrega en tienda;54,78;547,8
V422;C0084;E050;7;11/01/2022 19:24;PRD0041;2;PM01;PROMO301;Envío a domicilio;38,55;77,1
V423;C0164;E059;13;09/08/2023 18:23;PRD0014;3;PM02;PROMO205;Entrega en tienda;16,45;49,35
V424;C0249;E035;3;22/02/2022 5:30;PRD0023;1;PM01;PROMO104;Envío a domicilio;52,91;52,91
V425;C0147;E031;15;18/05/2023 11:14;PRD0048;9;PM01;PROMO205;Entrega en tienda;68,9;620,1
V426;C0096;E014;9;02/10/2022 21:47;PRD0052;4;PM03;PROMO104;Envío a domicilio;-23,02;-92,08
V427;C0236;E033;11;16/06/2023 21:06;PRD0006;10;PM01;PROMO202;Envío a domicilio;24,02;240,2
V428;C0070;E003;14;30/05/2022 11:12;PRD0031;6;PM03;PROMO101;Entrega en tienda;14,14;84,84
V429;C0202;E060;14;03/10/2022 13:24;PRD0040;10;PM02;PROMO104;Envío a domicilio;21,93;219,3
V430;C0204;E028;14;23/05/2023 16:17;PRD0067;8;PM03;PROMO102;Entrega en tienda;47,03;376,24
V431;C0002;E006;5;13/07/2023 13:55;PRD0095;6;PM01;PROMO103;Entrega en tienda;54,58;327,48
V432;C0094;E013;13;06/10/2022 17:21;PRD0010;6;PM01;PROMO102;Envío a domicilio;36,74;220,44
V433;C0179;E027;14;20/08/2022 10:30;PRD0018;8;PM02;PROMO301;Envío a domicilio;19,31;154,48
V434;C0225;E007;8;25/03/2023 6:15;PRD0089;5;PM02;PROMO202;Envío a domicilio;19,6;98
V435;C0104;E038;2;24/01/2022 20:40;PRD0085;2;PM03;PROMO203;Envío a domicilio;55,57;111,14
V436;C0077;E017;2;20/09/2022 17:18;PRD0066;8;PM05;PROMO201;Entrega en tienda;46,06;368,48
V437;C0148;E059;7;23/01/2023 2:54;PRD0046;7;PM03;PROMO203;Envío a domicilio;49,1;343,7
V438;C0071;E003;15;29/07/2023 3:00;PRD0031;3;PM03;PROMO103;Entrega en tienda;14,14;42,42
V439;C0179;E043;1;20/11/2023 20:08;PRD0032;9;PM05;PROMO301;Envío a domicilio;28,45;256,05
V440;C0194;E007;9;11/08/2023 21:57;PRD0006;4;PM02;PROMO103;Entrega en tienda;24,02;96,08
V441;C0034;E021;7;29/08/2022 5:21;PRD0100;2;PM02;PROMO203;Entrega en tienda;31,81;63,62
V442;C0202;E031;7;11/03/2022 8:04;PRD0045;2;PM03;PROMO103;Entrega en tienda;43,49;86,98
V443;C0247;E027;14;25/01/2023 8:44;PRD0009;9;PM02;PROMO205;Envío a domicilio;43,73;393,57
V444;C0088;E027;4;17/03/2022 1:04;PRD0075;9;PM02;PROMO205;Envío a domicilio;-61,67;-555,03
V445;C0036;E015;15;07/10/2023 15:44;PRD0051;10;PM05;PROMO301;Entrega en tienda;65,77;657,7
V446;C0115;E035;4;16/05/2023 13:47;PRD0046;5;PM05;PROMO101;Envío a domicilio;49,1;245,5
V447;C0230;E036;14;26/12/2023 16:16;PRD0001;8;PM01;PROMO203;Entrega en tienda;40,33;322,64
V448;C0212;E028;4;04/09/2023 11:10;PRD0036;9;PM05;PROMO203;Envío a domicilio;16,65;149,85
V449;C0054;E006;11;07/07/2023 14:16;PRD0076;7;PM05;PROMO204;Envío a domicilio;31,97;223,79
V450;C0233;E026;7;07/11/2023 10:56;PRD0085;1;PM02;PROMO203;Envío a domicilio;55,57;55,57
V451;C0136;E048;12;06/07/2022 5:38;PRD0092;9;PM02;PROMO201;Entrega en tienda;20,66;185,94
V452;C0168;E009;9;11/03/2023 5:10;PRD0071;3;PM03;PROMO101;Entrega en tienda;56,36;169,08
V453;C0224;E016;11;02/11/2022 15:48;PRD0024;8;PM05;PROMO101;Entrega en tienda;49,74;397,92
V454;C0120;E055;13;11/12/2023 20:23;PRD0065;6;PM03;PROMO205;Envío a domicilio;-54,2;-325,2
V455;C0069;E035;15;05/04/2023 12:03;PRD0015;6;PM02;PROMO103;Entrega en tienda;67,18;403,08
V456;C0250;E049;11;31/07/2023 21:57;PRD0087;5;PM03;PROMO104;Envío a domicilio;35,28;176,4
V457;C0186;E015;8;07/09/2022 5:43;PRD0004;1;PM02;PROMO204;Entrega en tienda;32,76;32,76
V458;C0197;E011;3;14/02/2023 19:51;PRD0083;1;PM03;PROMO202;Entrega en tienda;37;37
V459;C0217;E029;2;23/10/2023 15:09;PRD0060;5;PM02;PROMO205;Entrega en tienda;18,26;91,3
V460;C0029;E021;12;06/11/2023 15:56;PRD0001;8;PM03;;Envío a domicilio;40,33;322,64
V461;C0178;E001;7;23/06/2022 9:14;PRD0044;8;PM03;PROMO205;Entrega en tienda;10,55;84,4
V462;C0186;E032;13;05/04/2022 13:04;PRD0070;3;PM05;;Envío a domicilio;10,23;30,69
V463;C0246;E025;10;16/05/2023 0:56;PRD0027;5;PM05;PROMO103;Entrega en tienda;60,35;301,75
V464;C0028;E022;13;31/10/2023 2:31;PRD0025;4;PM01;PROMO104;Envío a domicilio;64,93;259,72
V465;C0249;E038;1;08/12/2023 17:27;PRD0064;4;PM01;PROMO104;Entrega en tienda;69,55;278,2
V466;C0136;E026;11;24/08/2022 10:18;PRD0031;5;PM01;;Envío a domicilio;14,14;70,7
V467;C0160;E029;10;17/04/2023 20:41;PRD0013;7;PM01;PROMO202;Entrega en tienda;57,69;403,83
V468;C0108;E025;4;06/12/2022 8:06;PRD0053;4;PM02;PROMO104;Entrega en tienda;67,06;268,24
V469;C0195;E059;3;18/08/2023 12:10;PRD0006;6;PM02;PROMO301;Entrega en tienda;24,02;144,12
V470;C0221;E034;13;08/08/2023 16:56;PRD0065;9;PM01;PROMO301;Entrega en tienda;54,2;487,8
V471;C0023;E052;5;17/06/2023 19:26;PRD0068;1;PM02;PROMO201;Envío a domicilio;57,59;57,59
V472;C0041;E010;9;13/12/2022 23:19;PRD0043;3;PM01;PROMO204;Entrega en tienda;69,25;207,75
V473;C0228;E033;11;05/02/2023 15:19;PRD0080;4;PM02;PROMO103;Entrega en tienda;-66,2;-264,8
V474;C0123;E038;8;20/07/2022 20:48;PRD0071;1;PM01;PROMO301;Envío a domicilio;56,36;56,36
V475;C0180;E039;10;04/01/2022 12:27;PRD0071;8;PM02;;Envío a domicilio;56,36;450,88
V476;C0028;E005;10;27/03/2023 10:13;PRD0074;10;PM05;PROMO301;Entrega en tienda;52,53;525,3
V477;C0046;E033;13;11/03/2022 5:25;PRD0031;1;PM05;;Envío a domicilio;14,14;14,14
V478;C0195;E059;5;24/09/2023 13:15;PRD0058;4;PM03;PROMO202;Entrega en tienda;-19,27;-77,08
V479;C0228;E057;9;01/09/2023 21:11;PRD0031;7;PM02;PROMO202;Envío a domicilio;14,14;98,98
V480;C0141;E026;9;28/09/2023 10:32;PRD0065;3;PM03;;Envío a domicilio;-54,2;-162,6
V481;C0083;E029;4;09/06/2023 21:44;PRD0053;4;PM05;PROMO301;Entrega en tienda;67,06;268,24
V482;C0127;E002;3;27/02/2023 21:57;PRD0099;8;PM01;PROMO203;Entrega en tienda;59,19;473,52
V483;C0042;E045;6;03/07/2023 5:59;PRD0070;1;PM01;PROMO202;Entrega en tienda;10,23;10,23
V484;C0085;E052;14;17/07/2022 12:35;PRD0009;5;PM02;;Envío a domicilio;-43,73;-218,65
V485;C0047;E013;10;30/08/2023 15:51;PRD0064;8;PM01;PROMO101;Envío a domicilio;-69,55;-556,4
V486;C0149;E051;4;16/09/2022 15:32;PRD0017;3;PM02;PROMO204;Envío a domicilio;39,3;117,9
V487;C0137;E046;6;20/07/2022 0:09;PRD0083;2;PM01;PROMO102;Envío a domicilio;37;74
V488;C0153;E032;5;14/05/2023 7:36;PRD0062;6;PM05;PROMO102;Envío a domicilio;-58,51;-351,06
V489;C0149;E060;14;04/10/2022 16:07;PRD0059;6;PM05;PROMO103;Envío a domicilio;11,89;71,34
V490;C0048;E026;10;18/07/2022 10:10;PRD0078;7;PM05;PROMO203;Envío a domicilio;27,23;190,61
V491;C0179;E019;2;24/01/2023 3:58;PRD0004;8;PM03;PROMO301;Envío a domicilio;32,76;262,08
V492;C0002;E008;12;06/01/2023 14:15;PRD0038;6;PM02;PROMO102;Entrega en tienda;65,43;392,58
V493;C0249;E038;10;02/04/2023 16:06;PRD0059;8;PM02;PROMO203;Entrega en tienda;11,89;95,12
V494;C0109;E020;4;03/01/2023 22:00;PRD0100;9;PM02;PROMO301;Envío a domicilio;-31,81;-286,29
V495;C0138;E051;15;20/01/2023 4:07;PRD0085;10;PM02;PROMO205;Envío a domicilio;55,57;555,7
V496;C0248;E047;12;30/05/2022 13:20;PRD0033;5;PM05;PROMO103;Entrega en tienda;-56,14;-280,7
V497;C0115;E013;12;02/06/2022 11:49;PRD0028;6;PM03;PROMO201;Envío a domicilio;43,39;260,34
V498;C0183;E038;15;05/11/2022 9:33;PRD0017;6;PM02;;Entrega en tienda;39,3;235,8
V499;C0194;E015;9;11/12/2023 13:02;PRD0074;8;PM02;PROMO201;Envío a domicilio;52,53;420,24
V500;C0084;E046;11;07/12/2023 14:26;PRD0021;9;PM03;PROMO101;Entrega en tienda;54,38;489,42
V501;C0036;E040;10;19/12/2022 11:33;PRD0074;9;PM03;;Entrega en tienda;52,53;472,77
V502;C0182;E018;2;12/06/2022 11:49;PRD0072;1;PM05;;Entrega en tienda;55,79;55,79
V503;C0099;E051;11;22/05/2023 10:33;PRD0032;8;PM05;PROMO205;Envío a domicilio;28,45;227,6
V504;C0002;E023;10;03/11/2023 4:37;PRD0052;10;PM01;PROMO205;Envío a domicilio;23,02;230,2
V505;C0244;E007;8;29/01/2022 4:42;PRD0024;8;PM01;PROMO104;Envío a domicilio;49,74;397,92
V506;C0138;E050;1;06/07/2022 5:27;PRD0044;5;PM01;PROMO101;Envío a domicilio;10,55;52,75
V507;C0173;E032;7;03/03/2023 20:23;PRD0098;8;PM03;PROMO103;Entrega en tienda;60,77;486,16
V508;C0235;E051;13;07/10/2023 8:41;PRD0094;8;PM02;PROMO202;Entrega en tienda;54,07;432,56
V509;C0132;E049;3;03/11/2023 0:46;PRD0090;7;PM03;;Envío a domicilio;59,19;414,33
V510;C0246;E016;9;16/10/2022 6:02;PRD0076;5;PM03;PROMO101;Entrega en tienda;31,97;159,85
V511;C0176;E045;12;29/05/2022 8:12;PRD0084;6;PM02;;Entrega en tienda;54,43;326,58
V512;C0105;E015;12;04/06/2022 0:08;PRD0019;5;PM01;PROMO104;Envío a domicilio;37,3;186,5
V513;C0194;E007;15;03/08/2022 7:53;PRD0089;2;PM01;PROMO204;Entrega en tienda;19,6;39,2
V514;C0232;E052;15;03/02/2023 10:59;PRD0012;4;PM01;PROMO101;Envío a domicilio;54,31;217,24
V515;C0011;E024;3;09/04/2023 5:39;PRD0002;7;PM03;PROMO101;Envío a domicilio;60,63;424,41
V516;C0169;E009;8;03/09/2023 17:10;PRD0049;5;PM03;PROMO104;Entrega en tienda;63,23;316,15
V517;C0107;E010;14;25/08/2022 0:06;PRD0079;1;PM01;PROMO301;Entrega en tienda;17,62;17,62
V518;C0170;E027;5;07/10/2022 0:58;PRD0018;6;PM01;;Envío a domicilio;19,31;115,86
V519;C0026;E017;5;21/03/2022 10:54;PRD0096;4;PM03;PROMO102;Envío a domicilio;65,65;262,6
V520;C0203;E004;7;04/11/2022 23:46;PRD0007;6;PM02;PROMO204;Envío a domicilio;17,52;105,12
V521;C0106;E058;13;10/10/2022 2:43;PRD0039;8;PM05;PROMO301;Envío a domicilio;28,36;226,88
V522;C0025;E017;10;24/07/2022 9:12;PRD0015;4;PM05;PROMO101;Entrega en tienda;67,18;268,72
V523;C0185;E017;11;13/02/2022 9:53;PRD0027;6;PM03;PROMO205;Entrega en tienda;60,35;362,1
V524;C0186;E053;7;11/07/2023 20:01;PRD0082;5;PM01;PROMO203;Entrega en tienda;18,4;92
V525;C0069;E058;15;22/12/2023 18:42;PRD0024;7;PM02;PROMO201;Envío a domicilio;-49,74;-348,18
V526;C0069;E045;5;01/02/2022 18:47;PRD0075;10;PM02;PROMO103;Entrega en tienda;61,67;616,7
V527;C0008;E016;2;12/09/2023 13:56;PRD0026;1;PM02;PROMO201;Entrega en tienda;-29,97;-29,97
V528;C0141;E026;6;06/07/2022 17:46;PRD0037;4;PM02;PROMO204;Entrega en tienda;54,78;219,12
V529;C0008;E023;15;13/03/2022 11:02;PRD0002;9;PM03;PROMO201;Entrega en tienda;60,63;545,67
V530;C0241;E043;9;22/01/2022 8:14;PRD0068;10;PM02;PROMO203;Envío a domicilio;-57,59;-575,9
V531;C0217;E038;14;02/06/2022 4:33;PRD0020;2;PM05;PROMO301;Entrega en tienda;-54,33;-108,66
V532;C0120;E016;11;11/11/2022 9:53;PRD0043;10;PM02;PROMO104;Entrega en tienda;69,25;692,5
V533;C0080;E042;11;10/03/2022 2:05;PRD0063;3;PM05;PROMO102;Entrega en tienda;51,94;155,82
V534;C0030;E030;3;09/06/2023 21:12;PRD0087;10;PM01;PROMO101;Envío a domicilio;35,28;352,8
V535;C0123;E043;6;19/05/2023 4:21;PRD0087;10;PM05;PROMO301;Entrega en tienda;35,28;352,8
V536;C0075;E032;5;22/06/2023 11:09;PRD0017;10;PM01;PROMO202;Entrega en tienda;39,3;393
V537;C0201;E037;15;02/11/2022 17:34;PRD0038;6;PM01;PROMO205;Envío a domicilio;65,43;392,58
V538;C0068;E037;15;07/09/2022 11:11;PRD0083;5;PM02;PROMO101;Entrega en tienda;37;185
V539;C0070;E032;3;28/05/2023 6:38;PRD0033;8;PM02;PROMO103;Envío a domicilio;56,14;449,12
V540;C0130;E004;7;06/03/2022 2:14;PRD0067;4;PM03;PROMO103;Envío a domicilio;47,03;188,12
V541;C0152;E024;4;09/10/2022 5:33;PRD0070;9;PM02;PROMO102;Entrega en tienda;10,23;92,07
V542;C0147;E053;5;17/01/2022 11:58;PRD0074;2;PM02;PROMO102;Envío a domicilio;52,53;105,06
V543;C0095;E033;13;26/08/2022 5:54;PRD0035;10;PM05;PROMO101;Entrega en tienda;34,91;349,1
V544;C0028;E002;11;08/04/2022 3:27;PRD0021;10;PM05;PROMO102;Envío a domicilio;54,38;543,8
V545;C0166;E056;7;02/02/2022 9:27;PRD0002;6;PM01;PROMO101;Envío a domicilio;60,63;363,78
V546;C0064;E055;7;20/07/2022 1:28;PRD0074;10;PM02;;Entrega en tienda;52,53;525,3
V547;C0120;E032;8;08/03/2023 3:58;PRD0039;6;PM02;PROMO103;Entrega en tienda;-28,36;-170,16
V548;C0143;E002;3;26/04/2022 7:33;PRD0052;2;PM05;PROMO204;Entrega en tienda;23,02;46,04
V549;C0151;E024;12;25/04/2023 21:01;PRD0025;10;PM05;;Entrega en tienda;64,93;649,3
V550;C0092;E010;10;06/04/2022 4:38;PRD0068;6;PM02;PROMO102;Envío a domicilio;57,59;345,54
V551;C0173;E037;12;23/08/2022 13:59;PRD0008;9;PM01;PROMO301;Entrega en tienda;14,92;134,28
V552;C0036;E054;6;29/05/2023 22:42;PRD0096;8;PM05;PROMO301;Entrega en tienda;65,65;525,2
V553;C0142;E015;5;15/09/2023 3:05;PRD0097;8;PM01;PROMO201;Entrega en tienda;36,35;290,8
V554;C0090;E015;9;13/08/2022 4:56;PRD0011;1;PM02;;Envío a domicilio;66,89;66,89
V555;C0188;E031;13;01/09/2023 9:28;PRD0089;7;PM01;PROMO203;Entrega en tienda;19,6;137,2
V556;C0150;E055;4;16/07/2022 22:37;PRD0007;6;PM01;PROMO202;Envío a domicilio;17,52;105,12
V557;C0105;E014;5;02/12/2022 6:56;PRD0048;4;PM01;PROMO201;Entrega en tienda;68,9;275,6
V558;C0048;E033;6;06/10/2023 7:09;PRD0033;7;PM03;PROMO201;Envío a domicilio;56,14;392,98
V559;C0142;E054;9;14/02/2023 22:03;PRD0092;4;PM03;PROMO301;Entrega en tienda;20,66;82,64
V560;C0212;E010;6;05/10/2022 13:10;PRD0028;6;PM03;PROMO202;Envío a domicilio;43,39;260,34
V561;C0101;E028;6;22/10/2022 20:54;PRD0054;2;PM02;PROMO301;Envío a domicilio;49,63;99,26
V562;C0080;E020;7;08/01/2023 3:07;PRD0087;9;PM03;PROMO205;Entrega en tienda;35,28;317,52
V563;C0229;E022;5;28/10/2022 3:37;PRD0023;6;PM02;PROMO101;Entrega en tienda;52,91;317,46
V564;C0093;E001;12;20/06/2023 2:25;PRD0056;9;PM03;PROMO203;Envío a domicilio;63,98;575,82
V565;C0085;E014;7;26/10/2022 2:14;PRD0017;8;PM02;PROMO203;Entrega en tienda;39,3;314,4
V566;C0067;E039;8;11/04/2023 19:22;PRD0009;8;PM02;PROMO104;Entrega en tienda;43,73;349,84
V567;C0114;E029;5;23/07/2023 12:47;PRD0083;3;PM03;PROMO205;Entrega en tienda;37;111
V568;C0016;E057;1;24/04/2023 16:59;PRD0020;2;PM02;PROMO205;Envío a domicilio;54,33;108,66
V569;C0112;E032;5;07/11/2023 7:04;PRD0064;6;PM05;PROMO204;Entrega en tienda;69,55;417,3
V570;C0018;E016;15;12/10/2022 23:55;PRD0006;8;PM01;PROMO103;Envío a domicilio;24,02;192,16
V571;C0238;E016;5;28/07/2022 1:10;PRD0031;1;PM03;PROMO102;Entrega en tienda;14,14;14,14
V572;C0145;E001;9;22/11/2022 1:03;PRD0053;8;PM01;PROMO202;Entrega en tienda;67,06;536,48
V573;C0204;E046;1;01/07/2023 22:24;PRD0005;8;PM02;PROMO104;Envío a domicilio;58,61;468,88
V574;C0131;E037;5;08/04/2023 0:33;PRD0068;7;PM02;PROMO101;Entrega en tienda;57,59;403,13
V575;C0164;E036;15;10/04/2022 10:30;PRD0020;4;PM01;PROMO204;Envío a domicilio;54,33;217,32
V576;C0142;E036;3;03/02/2023 17:53;PRD0012;7;PM01;PROMO205;Entrega en tienda;54,31;380,17
V577;C0065;E035;8;24/04/2023 2:27;PRD0028;9;PM03;PROMO201;Entrega en tienda;43,39;390,51
V578;C0230;E047;9;13/09/2023 16:00;PRD0024;10;PM01;PROMO203;Envío a domicilio;49,74;497,4
V579;C0056;E026;3;25/01/2023 4:24;PRD0073;7;PM05;PROMO205;Envío a domicilio;13,36;93,52
V580;C0023;E002;4;05/03/2022 14:38;PRD0012;5;PM01;PROMO102;Entrega en tienda;54,31;271,55
V581;C0052;E042;1;30/09/2022 6:33;PRD0013;10;PM02;;Entrega en tienda;57,69;576,9
V582;C0179;E022;2;26/10/2022 5:19;PRD0005;1;PM02;PROMO104;Envío a domicilio;58,61;58,61
V583;C0106;E005;12;21/04/2022 21:56;PRD0021;6;PM01;PROMO201;Envío a domicilio;54,38;326,28
V584;C0153;E036;15;18/01/2023 18:48;PRD0038;10;PM05;;Entrega en tienda;65,43;654,3
V585;C0102;E037;15;02/09/2023 13:23;PRD0020;5;PM05;PROMO101;Entrega en tienda;54,33;271,65
V586;C0055;E015;8;16/08/2023 21:22;PRD0086;6;PM05;PROMO301;Envío a domicilio;-60,31;-361,86
V587;C0104;E055;15;26/03/2023 18:42;PRD0100;3;PM05;PROMO104;Envío a domicilio;31,81;95,43
V588;C0008;E050;3;09/07/2023 18:08;PRD0017;9;PM03;PROMO205;Entrega en tienda;39,3;353,7
V589;C0107;E027;2;01/08/2022 22:39;PRD0048;4;PM05;PROMO102;Envío a domicilio;68,9;275,6
V590;C0049;E060;11;15/11/2022 18:09;PRD0040;5;PM03;PROMO101;Entrega en tienda;21,93;109,65
V591;C0015;E056;12;03/08/2022 3:53;PRD0073;9;PM01;PROMO204;Entrega en tienda;13,36;120,24
V592;C0029;E056;3;28/11/2022 18:22;PRD0093;10;PM02;PROMO203;Entrega en tienda;48,06;480,6
V593;C0014;E049;3;10/04/2023 9:55;PRD0090;8;PM01;PROMO205;Entrega en tienda;59,19;473,52
V594;C0023;E057;7;28/11/2023 8:51;PRD0008;8;PM01;PROMO204;Entrega en tienda;14,92;119,36
V595;C0001;E039;12;05/04/2023 19:19;PRD0068;7;PM01;PROMO101;Envío a domicilio;57,59;403,13
V596;C0093;E027;13;01/11/2022 23:48;PRD0082;10;PM03;;Entrega en tienda;18,4;184
V597;C0095;E047;10;15/03/2023 3:19;PRD0059;8;PM03;PROMO103;Envío a domicilio;11,89;95,12
V598;C0077;E047;9;07/05/2022 11:44;PRD0033;10;PM05;PROMO204;Entrega en tienda;-56,14;-561,4
V599;C0045;E001;10;01/12/2023 6:48;PRD0056;2;PM01;PROMO205;Envío a domicilio;63,98;127,96
V600;C0017;E055;12;18/03/2022 23:56;PRD0054;5;PM03;PROMO201;Envío a domicilio;49,63;248,15
V601;C0115;E006;5;26/10/2023 8:12;PRD0011;1;PM01;PROMO204;Entrega en tienda;66,89;66,89
V602;C0187;E026;1;19/02/2022 14:18;PRD0056;10;PM05;PROMO103;Envío a domicilio;63,98;639,8
V603;C0214;E010;14;19/04/2023 10:54;PRD0055;5;PM03;PROMO101;Entrega en tienda;34,56;172,8
V604;C0204;E056;12;16/08/2023 23:16;PRD0039;1;PM05;PROMO102;Envío a domicilio;28,36;28,36
V605;C0093;E028;9;19/09/2022 15:16;PRD0039;7;PM03;PROMO203;Envío a domicilio;-28,36;-198,52
V606;C0052;E019;3;08/01/2022 18:40;PRD0065;5;PM01;PROMO202;Envío a domicilio;54,2;271
V607;C0167;E028;4;02/12/2023 11:45;PRD0013;9;PM02;PROMO301;Entrega en tienda;57,69;519,21
V608;C0229;E053;10;18/07/2022 7:42;PRD0068;2;PM03;PROMO203;Envío a domicilio;57,59;115,18
V609;C0016;E037;9;19/08/2022 23:30;PRD0084;3;PM03;PROMO205;Envío a domicilio;54,43;163,29
V610;C0004;E035;15;22/09/2022 5:16;PRD0035;2;PM05;PROMO202;Envío a domicilio;34,91;69,82
V611;C0051;E039;14;08/01/2022 15:42;PRD0046;7;PM03;PROMO102;Envío a domicilio;49,1;343,7
V612;C0020;E013;15;15/04/2023 13:42;PRD0036;10;PM01;PROMO102;Entrega en tienda;-16,65;-166,5
V613;C0048;E039;6;11/09/2023 1:00;PRD0053;7;PM03;PROMO202;Entrega en tienda;67,06;469,42
V614;C0102;E007;11;21/10/2022 20:33;PRD0006;2;PM03;PROMO101;Envío a domicilio;24,02;48,04
V615;C0191;E034;6;06/08/2022 5:18;PRD0066;8;PM05;PROMO204;Envío a domicilio;46,06;368,48
V616;C0059;E004;11;20/12/2022 13:16;PRD0006;10;PM02;;Entrega en tienda;-24,02;-240,2
V617;C0074;E040;5;05/05/2023 7:58;PRD0082;10;PM01;;Entrega en tienda;18,4;184
V618;C0152;E056;14;22/06/2022 4:50;PRD0088;3;PM05;PROMO204;Envío a domicilio;45,88;137,64
V619;C0034;E008;2;14/05/2023 19:21;PRD0041;4;PM02;PROMO101;Entrega en tienda;38,55;154,2
V620;C0023;E012;12;06/09/2022 17:26;PRD0055;1;PM03;PROMO301;Entrega en tienda;34,56;34,56
V621;C0044;E058;2;03/05/2023 1:02;PRD0092;5;PM02;PROMO203;Entrega en tienda;20,66;103,3
V622;C0052;E045;6;01/05/2023 0:49;PRD0061;5;PM01;PROMO202;Envío a domicilio;17,07;85,35
V623;C0189;E001;4;24/03/2022 7:38;PRD0031;5;PM03;PROMO101;Entrega en tienda;14,14;70,7
V624;C0125;E025;15;06/12/2022 16:13;PRD0011;9;PM01;PROMO102;Envío a domicilio;66,89;602,01
V625;C0149;E004;8;19/08/2022 3:17;PRD0020;6;PM01;PROMO103;Envío a domicilio;54,33;325,98
V626;C0091;E027;4;19/08/2023 23:59;PRD0041;8;PM03;PROMO203;Envío a domicilio;38,55;308,4
V627;C0195;E028;14;02/07/2023 11:00;PRD0073;4;PM02;PROMO203;Entrega en tienda;13,36;53,44
V628;C0218;E002;13;16/11/2022 14:57;PRD0030;5;PM01;PROMO301;Envío a domicilio;43,97;219,85
V629;C0074;E052;15;03/04/2022 22:51;PRD0089;4;PM02;;Entrega en tienda;19,6;78,4
V630;C0005;E005;5;16/11/2023 14:57;PRD0051;10;PM02;;Entrega en tienda;-65,77;-657,7
V631;C0065;E028;11;29/12/2023 8:55;PRD0090;7;PM03;PROMO201;Envío a domicilio;59,19;414,33
V632;C0128;E008;2;25/12/2023 7:18;PRD0096;4;PM02;PROMO103;Entrega en tienda;65,65;262,6
V633;C0104;E015;5;08/07/2023 2:46;PRD0063;10;PM02;PROMO204;Envío a domicilio;51,94;519,4
V634;C0239;E012;5;22/08/2023 1:36;PRD0013;6;PM03;PROMO201;Entrega en tienda;57,69;346,14
V635;C0106;E023;1;22/10/2023 6:33;PRD0045;3;PM01;PROMO101;Envío a domicilio;43,49;130,47
V636;C0111;E016;2;15/10/2023 17:18;PRD0011;10;PM02;PROMO201;Envío a domicilio;66,89;668,9
V637;C0121;E002;4;04/02/2023 21:38;PRD0059;5;PM03;PROMO203;Envío a domicilio;11,89;59,45
V638;C0044;E040;7;28/12/2023 10:37;PRD0092;3;PM03;PROMO201;Envío a domicilio;20,66;61,98
V639;C0130;E040;15;02/06/2023 6:17;PRD0019;8;PM05;PROMO102;Entrega en tienda;37,3;298,4
V640;C0192;E058;3;18/05/2023 3:00;PRD0092;8;PM02;PROMO202;Entrega en tienda;20,66;165,28
V641;C0077;E001;10;22/10/2023 15:51;PRD0056;1;PM02;PROMO204;Entrega en tienda;63,98;63,98
V642;C0121;E007;9;18/04/2023 10:29;PRD0021;7;PM02;;Envío a domicilio;54,38;380,66
V643;C0167;E036;5;13/08/2023 13:25;PRD0033;2;PM01;PROMO102;Entrega en tienda;56,14;112,28
V644;C0032;E018;5;19/07/2023 11:42;PRD0008;1;PM01;PROMO103;Envío a domicilio;14,92;14,92
V645;C0125;E019;4;25/05/2023 17:09;PRD0078;7;PM01;PROMO102;Entrega en tienda;27,23;190,61
V646;C0243;E041;2;11/08/2023 16:13;PRD0073;6;PM02;;Envío a domicilio;13,36;80,16
V647;C0020;E019;14;28/08/2022 5:58;PRD0021;5;PM05;PROMO103;Entrega en tienda;54,38;271,9
V648;C0033;E007;2;17/09/2022 16:18;PRD0008;4;PM05;PROMO202;Entrega en tienda;14,92;59,68
V649;C0220;E006;7;12/01/2023 9:56;PRD0082;5;PM01;PROMO301;Entrega en tienda;18,4;92
V650;C0108;E001;12;28/03/2022 10:58;PRD0033;7;PM05;PROMO103;Envío a domicilio;56,14;392,98
V651;C0012;E034;5;11/04/2022 14:56;PRD0072;9;PM05;PROMO101;Envío a domicilio;55,79;502,11
V652;C0056;E054;9;01/11/2022 8:12;PRD0066;5;PM02;PROMO102;Entrega en tienda;46,06;230,3
V653;C0146;E038;8;15/11/2023 5:33;PRD0004;3;PM02;PROMO203;Entrega en tienda;32,76;98,28
V654;C0222;E026;12;10/07/2023 19:18;PRD0063;10;PM02;PROMO301;Entrega en tienda;51,94;519,4
V655;C0006;E025;1;04/08/2023 4:19;PRD0002;2;PM03;PROMO103;Envío a domicilio;60,63;121,26
V656;C0138;E039;7;07/07/2023 20:33;PRD0012;10;PM05;;Envío a domicilio;54,31;543,1
V657;C0187;E031;5;25/01/2023 12:46;PRD0035;9;PM02;PROMO301;Envío a domicilio;34,91;314,19
V658;C0072;E038;10;24/01/2023 1:38;PRD0021;2;PM01;PROMO202;Envío a domicilio;54,38;108,76
V659;C0181;E027;2;19/12/2023 6:08;PRD0044;7;PM05;PROMO103;Envío a domicilio;10,55;73,85
V660;C0177;E002;4;17/04/2022 23:32;PRD0078;4;PM05;PROMO103;Envío a domicilio;27,23;108,92
V661;C0035;E029;15;04/09/2022 14:39;PRD0094;6;PM01;PROMO301;Envío a domicilio;54,07;324,42
V662;C0027;E034;3;19/12/2023 16:29;PRD0047;5;PM03;PROMO301;Envío a domicilio;-66,24;-331,2
V663;C0128;E003;2;31/05/2022 3:43;PRD0080;10;PM01;PROMO103;Entrega en tienda;66,2;662
V664;C0239;E027;3;20/07/2023 4:43;PRD0038;10;PM03;PROMO103;Entrega en tienda;65,43;654,3
V665;C0091;E003;5;10/06/2022 19:55;PRD0051;7;PM05;PROMO201;Entrega en tienda;65,77;460,39
V666;C0175;E020;9;28/10/2022 6:18;PRD0069;10;PM02;PROMO202;Envío a domicilio;59,6;596
V667;C0041;E019;6;22/05/2023 21:45;PRD0068;7;PM01;PROMO204;Envío a domicilio;57,59;403,13
V668;C0110;E043;7;27/02/2022 3:59;PRD0079;10;PM05;PROMO301;Entrega en tienda;-17,62;-176,2
V669;C0002;E055;14;17/11/2022 23:52;PRD0015;7;PM01;PROMO205;Envío a domicilio;67,18;470,26
V670;C0219;E044;14;18/11/2022 11:12;PRD0084;4;PM01;PROMO103;Envío a domicilio;54,43;217,72
V671;C0179;E014;12;25/11/2022 10:53;PRD0004;6;PM03;PROMO202;Envío a domicilio;32,76;196,56
V672;C0112;E019;8;14/03/2022 6:18;PRD0027;6;PM02;PROMO104;Entrega en tienda;60,35;362,1
V673;C0064;E003;7;11/12/2023 23:22;PRD0001;8;PM05;PROMO104;Entrega en tienda;40,33;322,64
V674;C0129;E050;2;02/02/2023 21:09;PRD0029;9;PM01;PROMO205;Entrega en tienda;57,63;518,67
V675;C0177;E040;2;21/04/2022 21:01;PRD0035;7;PM01;PROMO201;Envío a domicilio;-34,91;-244,37
V676;C0109;E015;1;03/04/2022 13:21;PRD0035;2;PM01;PROMO203;Envío a domicilio;-34,91;-69,82
V677;C0023;E016;5;01/02/2023 12:30;PRD0026;4;PM03;PROMO201;Envío a domicilio;29,97;119,88
V678;C0169;E023;9;29/11/2023 2:04;PRD0014;4;PM01;PROMO102;Entrega en tienda;16,45;65,8
V679;C0061;E017;2;26/03/2023 5:20;PRD0028;5;PM03;PROMO301;Entrega en tienda;43,39;216,95
V680;C0044;E049;8;22/04/2023 1:33;PRD0096;5;PM02;PROMO301;Envío a domicilio;65,65;328,25
V681;C0143;E042;11;13/12/2023 0:31;PRD0072;1;PM01;;Entrega en tienda;55,79;55,79
V682;C0063;E047;14;21/09/2023 2:48;PRD0040;4;PM01;PROMO202;Envío a domicilio;21,93;87,72
V683;C0191;E034;2;15/04/2022 23:32;PRD0017;8;PM02;PROMO205;Envío a domicilio;-39,3;-314,4
V684;C0210;E013;9;22/10/2023 7:25;PRD0038;6;PM01;PROMO104;Envío a domicilio;65,43;392,58
V685;C0003;E042;13;21/11/2022 5:28;PRD0026;8;PM03;;Envío a domicilio;29,97;239,76
V686;C0165;E023;1;11/08/2022 4:35;PRD0057;9;PM03;PROMO202;Envío a domicilio;27,68;249,12
V687;C0249;E059;10;21/07/2023 1:29;PRD0054;7;PM03;PROMO103;Envío a domicilio;49,63;347,41
V688;C0028;E044;4;25/08/2022 19:30;PRD0021;10;PM02;PROMO104;Entrega en tienda;54,38;543,8
V689;C0131;E012;4;05/08/2022 23:07;PRD0056;5;PM02;PROMO204;Entrega en tienda;63,98;319,9
V690;C0245;E009;13;19/03/2022 9:22;PRD0091;6;PM05;PROMO203;Envío a domicilio;-18,7;-112,2
V691;C0045;E057;3;05/08/2023 18:40;PRD0047;6;PM02;PROMO205;Envío a domicilio;-66,24;-397,44
V692;C0043;E036;5;26/09/2022 9:35;PRD0069;10;PM01;PROMO103;Envío a domicilio;59,6;596
V693;C0116;E012;10;21/02/2022 10:58;PRD0056;6;PM01;PROMO102;Envío a domicilio;63,98;383,88
V694;C0060;E037;12;21/08/2022 8:12;PRD0040;2;PM02;PROMO204;Envío a domicilio;21,93;43,86
V695;C0099;E036;11;22/06/2023 2:47;PRD0056;1;PM01;PROMO103;Entrega en tienda;63,98;63,98
V696;C0141;E056;12;07/10/2023 3:42;PRD0011;4;PM01;;Entrega en tienda;-66,89;-267,56
V697;C0051;E056;1;21/07/2023 6:39;PRD0026;9;PM03;PROMO205;Entrega en tienda;29,97;269,73
V698;C0150;E011;2;06/11/2022 6:25;PRD0005;9;PM03;PROMO205;Envío a domicilio;58,61;527,49
V699;C0057;E058;14;13/12/2022 18:38;PRD0090;10;PM05;PROMO204;Envío a domicilio;59,19;591,9
V700;C0032;E055;10;08/02/2023 14:19;PRD0094;3;PM02;PROMO201;Envío a domicilio;54,07;162,21
V701;C0198;E009;3;18/01/2022 11:40;PRD0076;4;PM05;PROMO204;Entrega en tienda;31,97;127,88
V702;C0045;E001;12;09/08/2022 17:21;PRD0097;6;PM05;PROMO203;Envío a domicilio;36,35;218,1
V703;C0151;E034;12;24/02/2023 2:04;PRD0082;1;PM03;PROMO203;Envío a domicilio;18,4;18,4
V704;C0139;E004;7;23/05/2023 1:36;PRD0075;3;PM01;PROMO205;Entrega en tienda;-61,67;-185,01
V705;C0040;E025;15;03/01/2022 3:22;PRD0095;5;PM05;PROMO103;Entrega en tienda;54,58;272,9
V706;C0129;E002;14;03/11/2023 19:18;PRD0030;7;PM02;PROMO204;Envío a domicilio;43,97;307,79
V707;C0145;E048;10;28/06/2023 0:04;PRD0053;1;PM01;PROMO204;Envío a domicilio;67,06;67,06
V708;C0082;E002;15;27/11/2023 5:59;PRD0033;9;PM02;;Entrega en tienda;56,14;505,26
V709;C0233;E003;15;18/12/2022 12:46;PRD0087;5;PM03;;Envío a domicilio;-35,28;-176,4
V710;C0024;E026;2;25/11/2022 7:14;PRD0081;10;PM01;PROMO301;Entrega en tienda;50,53;505,3
V711;C0013;E035;6;09/02/2022 16:56;PRD0044;2;PM05;PROMO204;Envío a domicilio;10,55;21,1
V712;C0240;E050;13;19/09/2022 19:27;PRD0062;8;PM03;PROMO104;Envío a domicilio;58,51;468,08
V713;C0153;E006;12;17/09/2022 11:53;PRD0037;7;PM02;PROMO104;Entrega en tienda;54,78;383,46
V714;C0038;E052;8;03/01/2023 19:25;PRD0025;9;PM01;PROMO102;Entrega en tienda;-64,93;-584,37
V715;C0237;E038;7;07/02/2023 4:53;PRD0029;1;PM01;PROMO201;Envío a domicilio;57,63;57,63
V716;C0157;E001;9;22/01/2023 19:49;PRD0085;5;PM02;PROMO204;Envío a domicilio;55,57;277,85
V717;C0005;E056;13;09/05/2022 22:55;PRD0073;10;PM05;PROMO203;Envío a domicilio;13,36;133,6
V718;C0137;E027;4;31/08/2023 11:41;PRD0067;3;PM05;PROMO102;Envío a domicilio;47,03;141,09
V719;C0195;E016;2;04/07/2023 14:06;PRD0007;8;PM02;PROMO201;Entrega en tienda;17,52;140,16
V720;C0193;E045;1;09/11/2022 22:13;PRD0016;5;PM01;PROMO102;Envío a domicilio;49,45;247,25
V721;C0069;E005;1;09/09/2022 11:26;PRD0051;10;PM05;PROMO204;Envío a domicilio;65,77;657,7
V722;C0150;E010;12;27/09/2022 8:11;PRD0016;10;PM01;PROMO205;Entrega en tienda;49,45;494,5
V723;C0097;E059;13;30/03/2022 7:08;PRD0078;3;PM05;PROMO204;Entrega en tienda;27,23;81,69
V724;C0045;E002;13;21/11/2022 23:11;PRD0086;7;PM01;PROMO104;Entrega en tienda;60,31;422,17
V725;C0041;E026;5;29/04/2023 6:57;PRD0095;1;PM01;PROMO202;Entrega en tienda;54,58;54,58
V726;C0200;E015;14;23/05/2022 8:36;PRD0034;10;PM01;PROMO202;Envío a domicilio;19,31;193,1
V727;C0044;E015;6;29/01/2022 9:23;PRD0049;5;PM02;PROMO203;Envío a domicilio;63,23;316,15
V728;C0190;E002;4;26/03/2023 17:46;PRD0086;2;PM02;PROMO202;Envío a domicilio;60,31;120,62
V729;C0196;E055;3;16/06/2023 6:25;PRD0068;5;PM03;PROMO103;Envío a domicilio;-57,59;-287,95
V730;C0001;E043;6;04/03/2022 5:55;PRD0028;4;PM02;PROMO202;Envío a domicilio;43,39;173,56
V731;C0211;E029;15;22/02/2023 22:49;PRD0053;3;PM03;PROMO101;Entrega en tienda;67,06;201,18
V732;C0151;E019;6;06/12/2022 0:24;PRD0042;10;PM05;PROMO201;Envío a domicilio;44,88;448,8
V733;C0203;E055;12;28/08/2022 18:59;PRD0040;8;PM05;PROMO204;Entrega en tienda;21,93;175,44
V734;C0061;E046;4;04/07/2023 13:25;PRD0095;9;PM03;PROMO204;Entrega en tienda;-54,58;-491,22
V735;C0009;E050;9;22/12/2023 19:29;PRD0027;5;PM03;PROMO203;Envío a domicilio;60,35;301,75
V736;C0249;E049;9;26/10/2023 14:11;PRD0096;7;PM03;PROMO301;Entrega en tienda;65,65;459,55
V737;C0119;E032;4;06/04/2022 23:48;PRD0012;3;PM01;PROMO204;Envío a domicilio;54,31;162,93
V738;C0069;E027;6;05/07/2022 18:37;PRD0094;7;PM05;PROMO102;Envío a domicilio;54,07;378,49
V739;C0094;E027;10;05/10/2023 4:45;PRD0025;1;PM01;PROMO205;Entrega en tienda;64,93;64,93
V740;C0103;E058;8;15/05/2023 15:28;PRD0039;9;PM02;PROMO102;Envío a domicilio;28,36;255,24
V741;C0163;E033;1;12/04/2022 9:50;PRD0066;10;PM02;PROMO301;Entrega en tienda;-46,06;-460,6
V742;C0197;E038;4;24/05/2022 20:29;PRD0088;4;PM03;PROMO103;Entrega en tienda;45,88;183,52
V743;C0163;E034;1;19/03/2023 18:26;PRD0059;4;PM01;PROMO102;Envío a domicilio;11,89;47,56
V744;C0226;E056;2;12/11/2023 6:43;PRD0081;5;PM01;PROMO101;Entrega en tienda;50,53;252,65
V745;C0089;E052;10;29/11/2023 4:45;PRD0001;9;PM03;PROMO104;Envío a domicilio;40,33;362,97
V746;C0248;E019;9;18/01/2022 19:25;PRD0032;4;PM01;PROMO102;Envío a domicilio;28,45;113,8
V747;C0168;E002;13;05/02/2023 14:35;PRD0077;4;PM03;PROMO102;Envío a domicilio;-69,98;-279,92
V748;C0111;E005;4;31/10/2023 12:41;PRD0059;4;PM01;PROMO301;Envío a domicilio;11,89;47,56
V749;C0122;E019;3;12/01/2022 11:00;PRD0031;9;PM05;PROMO203;Envío a domicilio;14,14;127,26
V750;C0087;E014;12;27/06/2023 2:54;PRD0010;1;PM02;PROMO104;Envío a domicilio;36,74;36,74
V751;C0162;E057;5;03/05/2022 0:42;PRD0005;2;PM01;PROMO201;Entrega en tienda;58,61;117,22
V752;C0205;E033;1;17/11/2023 15:54;PRD0019;10;PM03;PROMO104;Envío a domicilio;37,3;373
V753;C0194;E005;14;04/07/2022 17:06;PRD0063;6;PM02;PROMO101;Entrega en tienda;51,94;311,64
V754;C0101;E044;1;15/04/2023 1:19;PRD0042;4;PM01;PROMO205;Entrega en tienda;44,88;179,52
V755;C0108;E050;10;22/05/2023 16:39;PRD0098;2;PM02;;Envío a domicilio;60,77;121,54
V756;C0113;E041;10;25/03/2023 17:11;PRD0050;10;PM02;PROMO301;Entrega en tienda;33,3;333
V757;C0188;E054;15;27/12/2022 15:21;PRD0090;3;PM01;PROMO102;Entrega en tienda;59,19;177,57
V758;C0045;E034;6;13/11/2023 7:40;PRD0025;8;PM01;PROMO202;Entrega en tienda;64,93;519,44
V759;C0231;E031;4;06/06/2022 19:53;PRD0061;1;PM01;PROMO102;Entrega en tienda;-17,07;-17,07
V760;C0018;E042;8;10/08/2023 23:11;PRD0079;3;PM03;PROMO101;Entrega en tienda;17,62;52,86
V761;C0070;E026;11;22/11/2022 10:41;PRD0002;7;PM03;PROMO102;Envío a domicilio;60,63;424,41
V762;C0173;E029;4;21/12/2022 22:12;PRD0097;9;PM03;PROMO103;Entrega en tienda;36,35;327,15
V763;C0011;E057;7;04/04/2022 13:42;PRD0043;2;PM01;PROMO204;Entrega en tienda;69,25;138,5
V764;C0143;E045;4;27/07/2022 16:14;PRD0061;3;PM01;PROMO202;Entrega en tienda;17,07;51,21
V765;C0094;E037;14;19/05/2023 9:38;PRD0029;2;PM01;;Envío a domicilio;57,63;115,26
V766;C0197;E026;2;10/04/2022 4:26;PRD0044;8;PM03;PROMO204;Entrega en tienda;10,55;84,4
V767;C0131;E020;6;01/01/2022 5:52;PRD0038;4;PM05;PROMO201;Envío a domicilio;65,43;261,72
V768;C0038;E053;1;28/11/2023 20:55;PRD0085;6;PM05;PROMO202;Envío a domicilio;55,57;333,42
V769;C0082;E055;1;06/09/2023 17:20;PRD0100;7;PM03;PROMO102;Envío a domicilio;31,81;222,67
V770;C0033;E031;6;25/11/2022 14:05;PRD0036;2;PM03;PROMO204;Envío a domicilio;16,65;33,3
V771;C0123;E017;11;13/09/2023 8:14;PRD0046;9;PM02;PROMO102;Envío a domicilio;49,1;441,9
V772;C0187;E006;13;19/09/2022 1:08;PRD0028;6;PM05;PROMO205;Entrega en tienda;43,39;260,34
V773;C0202;E024;15;28/12/2022 17:36;PRD0022;10;PM02;PROMO201;Entrega en tienda;18,3;183
V774;C0063;E047;14;12/06/2022 6:17;PRD0072;8;PM01;PROMO201;Entrega en tienda;55,79;446,32
V775;C0236;E015;8;22/09/2023 13:20;PRD0016;3;PM02;PROMO201;Entrega en tienda;49,45;148,35
V776;C0213;E043;5;25/05/2022 15:45;PRD0060;1;PM02;PROMO103;Entrega en tienda;18,26;18,26
V777;C0077;E030;6;30/08/2022 0:17;PRD0010;9;PM02;PROMO103;Entrega en tienda;36,74;330,66
V778;C0165;E047;11;16/11/2023 7:03;PRD0047;4;PM05;PROMO104;Entrega en tienda;66,24;264,96
V779;C0191;E013;15;21/01/2023 23:09;PRD0074;8;PM02;PROMO301;Envío a domicilio;52,53;420,24
V780;C0012;E019;2;11/01/2023 10:29;PRD0100;5;PM02;;Envío a domicilio;31,81;159,05
V781;C0084;E054;15;29/03/2023 17:50;PRD0039;1;PM03;PROMO204;Entrega en tienda;-28,36;-28,36
V782;C0096;E014;2;22/05/2023 18:39;PRD0014;10;PM05;PROMO103;Entrega en tienda;16,45;164,5
V783;C0065;E015;6;21/01/2023 12:13;PRD0049;8;PM01;;Envío a domicilio;63,23;505,84
V784;C0117;E044;2;13/08/2023 1:00;PRD0039;9;PM03;;Envío a domicilio;28,36;255,24
V785;C0079;E023;11;22/09/2023 17:12;PRD0071;4;PM05;PROMO102;Envío a domicilio;56,36;225,44
V786;C0236;E009;13;01/06/2023 7:48;PRD0022;10;PM01;PROMO101;Entrega en tienda;18,3;183
V787;C0074;E049;8;12/01/2023 1:20;PRD0054;9;PM05;PROMO201;Entrega en tienda;49,63;446,67
V788;C0070;E002;8;07/01/2023 4:38;PRD0056;4;PM02;;Entrega en tienda;63,98;255,92
V789;C0181;E015;9;28/10/2022 23:51;PRD0080;2;PM01;PROMO101;Envío a domicilio;-66,2;-132,4
V790;C0046;E001;10;11/11/2023 0:50;PRD0063;5;PM05;PROMO202;Entrega en tienda;51,94;259,7
V791;C0083;E022;5;13/12/2023 2:08;PRD0019;9;PM01;PROMO102;Entrega en tienda;37,3;335,7
V792;C0198;E049;11;24/04/2022 1:43;PRD0003;10;PM05;PROMO203;Entrega en tienda;-12,48;-124,8
V793;C0180;E058;4;05/01/2022 14:19;PRD0062;6;PM01;PROMO104;Entrega en tienda;58,51;351,06
V794;C0076;E021;15;03/12/2022 22:21;PRD0054;1;PM01;PROMO103;Envío a domicilio;49,63;49,63
V795;C0087;E048;12;18/09/2023 17:45;PRD0008;1;PM01;PROMO103;Entrega en tienda;-14,92;-14,92
V796;C0047;E009;13;21/07/2022 18:03;PRD0012;8;PM03;PROMO101;Entrega en tienda;54,31;434,48
V797;C0097;E015;5;30/06/2022 9:16;PRD0038;2;PM01;PROMO102;Envío a domicilio;65,43;130,86
V798;C0229;E049;12;03/05/2022 7:12;PRD0028;4;PM01;PROMO301;Envío a domicilio;43,39;173,56
V799;C0161;E001;15;11/04/2022 15:10;PRD0026;6;PM05;PROMO301;Envío a domicilio;29,97;179,82
V800;C0052;E059;13;20/10/2023 14:01;PRD0007;2;PM02;PROMO101;Entrega en tienda;17,52;35,04
V801;C0078;E023;6;03/09/2023 18:52;PRD0082;10;PM02;PROMO204;Envío a domicilio;-18,4;-184
V802;C0086;E047;15;23/06/2022 2:22;PRD0016;3;PM05;;Entrega en tienda;49,45;148,35
V803;C0131;E051;11;13/06/2023 4:14;PRD0061;5;PM03;PROMO104;Envío a domicilio;17,07;85,35
V804;C0167;E044;10;17/08/2023 7:03;PRD0007;1;PM03;PROMO301;Envío a domicilio;17,52;17,52
V805;C0007;E001;7;05/07/2022 10:58;PRD0039;2;PM05;;Entrega en tienda;28,36;56,72
V806;C0127;E006;5;28/07/2022 7:08;PRD0055;9;PM05;;Entrega en tienda;-34,56;-311,04
V807;C0185;E046;14;04/02/2023 9:43;PRD0048;5;PM01;PROMO301;Envío a domicilio;68,9;344,5
V808;C0177;E001;14;16/01/2023 22:32;PRD0060;4;PM05;PROMO202;Envío a domicilio;18,26;73,04
V809;C0118;E033;9;19/10/2023 10:49;PRD0095;6;PM03;PROMO301;Entrega en tienda;54,58;327,48
V810;C0219;E019;4;30/05/2022 8:22;PRD0050;10;PM05;PROMO102;Envío a domicilio;33,3;333
V811;C0142;E004;7;07/03/2022 9:13;PRD0090;4;PM01;PROMO104;Envío a domicilio;59,19;236,76
V812;C0023;E015;5;25/04/2022 2:28;PRD0078;5;PM03;PROMO201;Envío a domicilio;27,23;136,15
V813;C0175;E026;6;10/06/2023 21:03;PRD0053;9;PM02;PROMO204;Envío a domicilio;67,06;603,54
V814;C0011;E053;13;21/12/2022 18:17;PRD0047;7;PM01;PROMO104;Envío a domicilio;66,24;463,68
V815;C0003;E018;7;18/04/2023 3:31;PRD0060;8;PM05;PROMO205;Entrega en tienda;18,26;146,08
V816;C0128;E057;6;17/03/2022 21:59;PRD0056;6;PM05;PROMO102;Envío a domicilio;63,98;383,88
V817;C0076;E004;15;21/06/2023 12:31;PRD0059;4;PM02;PROMO202;Envío a domicilio;-11,89;-47,56
V818;C0244;E015;11;09/05/2023 14:08;PRD0088;5;PM02;PROMO205;Entrega en tienda;45,88;229,4
V819;C0052;E039;8;26/04/2022 9:59;PRD0081;1;PM02;PROMO104;Envío a domicilio;-50,53;-50,53
V820;C0124;E002;13;05/11/2023 7:57;PRD0041;8;PM01;PROMO203;Entrega en tienda;38,55;308,4
V821;C0040;E018;4;08/04/2022 6:30;PRD0058;4;PM03;PROMO104;Entrega en tienda;19,27;77,08
V822;C0138;E049;8;07/03/2022 4:54;PRD0039;1;PM03;PROMO101;Entrega en tienda;28,36;28,36
V823;C0151;E033;13;09/11/2023 15:29;PRD0086;5;PM05;PROMO205;Entrega en tienda;60,31;301,55
V824;C0060;E047;4;29/04/2022 5:38;PRD0022;10;PM05;PROMO204;Entrega en tienda;18,3;183
V825;C0096;E018;2;25/04/2022 4:33;PRD0074;10;PM03;PROMO203;Envío a domicilio;52,53;525,3
V826;C0197;E031;6;19/04/2023 17:38;PRD0001;1;PM02;PROMO202;Entrega en tienda;-40,33;-40,33
V827;C0189;E017;13;16/04/2022 10:09;PRD0048;3;PM01;PROMO203;Entrega en tienda;68,9;206,7
V828;C0168;E023;5;09/04/2023 3:50;PRD0073;6;PM03;PROMO202;Envío a domicilio;13,36;80,16
V829;C0165;E058;3;25/05/2022 6:27;PRD0051;1;PM02;PROMO204;Entrega en tienda;65,77;65,77
V830;C0185;E037;10;22/05/2022 6:06;PRD0002;8;PM03;;Entrega en tienda;60,63;485,04
V831;C0193;E004;5;18/05/2023 17:32;PRD0023;10;PM03;PROMO103;Entrega en tienda;52,91;529,1
V832;C0065;E045;4;07/10/2022 5:51;PRD0029;2;PM01;PROMO103;Envío a domicilio;57,63;115,26
V833;C0104;E020;2;10/03/2023 15:29;PRD0058;4;PM01;PROMO103;Envío a domicilio;19,27;77,08
V834;C0110;E029;4;02/05/2022 3:48;PRD0007;3;PM05;;Entrega en tienda;17,52;52,56
V835;C0128;E046;10;31/08/2023 0:14;PRD0044;1;PM05;PROMO205;Envío a domicilio;-10,55;-10,55
V836;C0188;E049;15;12/02/2022 7:08;PRD0038;4;PM01;PROMO205;Envío a domicilio;-65,43;-261,72
V837;C0002;E031;10;11/10/2023 22:07;PRD0024;8;PM01;PROMO103;Entrega en tienda;49,74;397,92
V838;C0028;E022;14;01/08/2022 1:04;PRD0009;9;PM01;PROMO103;Entrega en tienda;-43,73;-393,57
V839;C0052;E004;13;29/04/2023 7:28;PRD0067;7;PM02;PROMO204;Entrega en tienda;47,03;329,21
V840;C0135;E049;9;30/01/2022 10:46;PRD0092;1;PM03;PROMO202;Entrega en tienda;20,66;20,66
V841;C0102;E055;8;26/09/2023 7:00;PRD0071;10;PM03;PROMO205;Envío a domicilio;56,36;563,6
V842;C0042;E055;2;12/10/2023 7:43;PRD0061;10;PM05;PROMO205;Entrega en tienda;-17,07;-170,7
V843;C0040;E060;11;11/09/2022 17:31;PRD0053;3;PM02;PROMO102;Envío a domicilio;67,06;201,18
V844;C0096;E005;6;15/10/2023 20:52;PRD0043;8;PM02;PROMO205;Entrega en tienda;69,25;554
V845;C0246;E021;14;09/04/2022 10:47;PRD0050;3;PM01;PROMO102;Entrega en tienda;33,3;99,9
V846;C0077;E031;1;04/01/2023 17:59;PRD0038;8;PM05;PROMO101;Entrega en tienda;65,43;523,44
V847;C0249;E060;10;29/01/2023 22:42;PRD0097;9;PM01;;Envío a domicilio;36,35;327,15
V848;C0087;E019;1;07/07/2023 6:11;PRD0071;1;PM03;PROMO104;Envío a domicilio;56,36;56,36
V849;C0237;E007;8;17/12/2023 8:09;PRD0086;8;PM03;PROMO102;Entrega en tienda;60,31;482,48
V850;C0075;E009;11;07/03/2023 12:16;PRD0023;3;PM03;PROMO205;Envío a domicilio;52,91;158,73
V851;C0206;E023;12;04/02/2022 13:17;PRD0012;10;PM01;PROMO101;Entrega en tienda;54,31;543,1
V852;C0245;E045;15;28/02/2022 1:06;PRD0095;2;PM02;PROMO101;Envío a domicilio;54,58;109,16
V853;C0102;E046;3;21/12/2023 10:12;PRD0053;2;PM02;PROMO104;Envío a domicilio;67,06;134,12
V854;C0024;E022;4;16/11/2022 11:03;PRD0097;7;PM02;PROMO201;Envío a domicilio;36,35;254,45
V855;C0162;E007;2;06/11/2023 10:45;PRD0048;6;PM01;PROMO104;Entrega en tienda;68,9;413,4
V856;C0135;E059;8;19/04/2022 12:03;PRD0039;6;PM05;PROMO102;Entrega en tienda;28,36;170,16
V857;C0240;E050;13;14/12/2023 4:13;PRD0070;2;PM05;PROMO203;Envío a domicilio;-10,23;-20,46
V858;C0010;E037;1;03/12/2022 11:44;PRD0012;6;PM05;PROMO205;Envío a domicilio;54,31;325,86
V859;C0007;E001;14;03/03/2022 23:14;PRD0090;7;PM02;PROMO101;Entrega en tienda;59,19;414,33
V860;C0220;E032;2;25/04/2022 18:12;PRD0010;6;PM05;PROMO103;Envío a domicilio;36,74;220,44
V861;C0225;E024;4;08/11/2022 2:07;PRD0002;9;PM02;PROMO102;Envío a domicilio;60,63;545,67
V862;C0165;E049;3;25/07/2023 13:01;PRD0066;6;PM01;PROMO104;Envío a domicilio;46,06;276,36
V863;C0163;E059;4;10/11/2022 17:04;PRD0087;6;PM01;PROMO103;Entrega en tienda;35,28;211,68
V864;C0165;E040;13;31/07/2022 5:21;PRD0025;6;PM02;PROMO203;Envío a domicilio;64,93;389,58
V865;C0185;E057;7;19/09/2022 5:40;PRD0079;10;PM03;PROMO101;Envío a domicilio;17,62;176,2
V866;C0096;E060;10;09/11/2023 1:13;PRD0059;5;PM03;PROMO301;Envío a domicilio;11,89;59,45
V867;C0092;E046;2;23/07/2022 10:23;PRD0022;8;PM02;PROMO101;Envío a domicilio;18,3;146,4
V868;C0185;E006;9;19/03/2022 2:45;PRD0051;1;PM05;PROMO204;Entrega en tienda;65,77;65,77
V869;C0221;E001;8;13/08/2022 9:31;PRD0019;1;PM05;PROMO202;Entrega en tienda;37,3;37,3
V870;C0228;E015;13;25/10/2022 7:33;PRD0029;3;PM05;PROMO205;Envío a domicilio;57,63;172,89
V871;C0125;E056;6;30/06/2022 3:13;PRD0070;7;PM05;PROMO204;Envío a domicilio;10,23;71,61
V872;C0208;E057;5;06/11/2022 4:22;PRD0045;4;PM03;PROMO104;Entrega en tienda;43,49;173,96
V873;C0237;E030;9;05/11/2022 23:08;PRD0045;9;PM03;PROMO204;Envío a domicilio;43,49;391,41
V874;C0035;E039;9;26/05/2022 22:30;PRD0037;7;PM02;PROMO102;Envío a domicilio;54,78;383,46
V875;C0184;E005;7;10/12/2022 20:01;PRD0019;5;PM05;PROMO201;Envío a domicilio;37,3;186,5
V876;C0247;E013;6;02/06/2023 19:00;PRD0067;8;PM02;PROMO202;Entrega en tienda;47,03;376,24
V877;C0125;E030;6;08/07/2022 15:58;PRD0032;4;PM03;PROMO101;Entrega en tienda;28,45;113,8
V878;C0179;E056;12;18/10/2023 11:43;PRD0050;7;PM05;PROMO202;Entrega en tienda;33,3;233,1
V879;C0230;E049;12;15/10/2022 0:54;PRD0021;9;PM05;PROMO201;Envío a domicilio;54,38;489,42
V880;C0100;E021;12;07/10/2023 8:47;PRD0072;10;PM02;PROMO204;Envío a domicilio;55,79;557,9
V881;C0124;E037;4;20/09/2022 22:25;PRD0072;10;PM05;PROMO202;Envío a domicilio;55,79;557,9
V882;C0113;E047;2;29/09/2022 13:06;PRD0007;7;PM02;PROMO101;Entrega en tienda;17,52;122,64
V883;C0052;E041;7;24/08/2023 9:05;PRD0097;9;PM03;;Envío a domicilio;36,35;327,15
V884;C0172;E048;14;19/06/2023 12:15;PRD0071;4;PM01;PROMO203;Entrega en tienda;56,36;225,44
V885;C0059;E005;13;18/03/2023 6:09;PRD0009;8;PM03;PROMO204;Entrega en tienda;43,73;349,84
V886;C0096;E012;6;12/08/2023 18:49;PRD0070;7;PM05;PROMO201;Entrega en tienda;10,23;71,61
V887;C0138;E005;1;03/10/2022 13:30;PRD0054;10;PM03;PROMO101;Entrega en tienda;49,63;496,3
V888;C0095;E049;5;26/09/2022 5:10;PRD0042;9;PM03;PROMO204;Entrega en tienda;44,88;403,92
V889;C0186;E045;7;11/04/2022 19:18;PRD0097;3;PM05;PROMO301;Envío a domicilio;36,35;109,05
V890;C0099;E016;5;13/09/2022 6:33;PRD0022;6;PM05;PROMO301;Envío a domicilio;18,3;109,8
V891;C0096;E029;5;29/01/2022 14:31;PRD0016;8;PM01;;Envío a domicilio;49,45;395,6
V892;C0005;E038;13;08/05/2022 14:54;PRD0084;10;PM03;PROMO205;Entrega en tienda;54,43;544,3
V893;C0207;E034;7;08/03/2023 6:50;PRD0083;5;PM05;PROMO103;Entrega en tienda;37;185
V894;C0110;E010;5;19/10/2023 14:18;PRD0053;3;PM02;PROMO102;Entrega en tienda;67,06;201,18
V895;C0006;E026;7;01/11/2022 6:51;PRD0058;10;PM02;PROMO202;Envío a domicilio;19,27;192,7
V896;C0001;E047;10;07/10/2023 1:15;PRD0013;10;PM02;PROMO102;Envío a domicilio;57,69;576,9
V897;C0032;E040;1;31/03/2023 3:52;PRD0066;1;PM03;PROMO103;Envío a domicilio;46,06;46,06
V898;C0199;E009;12;30/11/2023 12:07;PRD0038;1;PM03;PROMO204;Envío a domicilio;65,43;65,43
V899;C0146;E026;13;25/11/2023 3:03;PRD0045;2;PM03;PROMO203;Entrega en tienda;43,49;86,98
V900;C0129;E059;12;10/04/2022 12:36;PRD0033;7;PM02;PROMO104;Entrega en tienda;56,14;392,98
V901;C0024;E050;9;09/08/2023 11:21;PRD0066;5;PM03;PROMO104;Entrega en tienda;46,06;230,3
V902;C0189;E029;1;29/01/2023 1:12;PRD0039;1;PM02;PROMO301;Entrega en tienda;28,36;28,36
V903;C0167;E025;9;15/04/2023 16:55;PRD0026;5;PM03;PROMO102;Entrega en tienda;-29,97;-149,85
V904;C0104;E033;11;11/09/2023 16:01;PRD0024;7;PM03;PROMO101;Envío a domicilio;49,74;348,18
V905;C0172;E045;12;28/09/2022 0:58;PRD0036;6;PM03;PROMO205;Envío a domicilio;16,65;99,9
V906;C0115;E044;15;21/05/2022 15:11;PRD0031;4;PM01;PROMO102;Entrega en tienda;14,14;56,56
V907;C0042;E005;6;05/03/2023 22:33;PRD0078;3;PM05;;Entrega en tienda;27,23;81,69
V908;C0192;E002;2;09/01/2023 16:01;PRD0069;7;PM02;PROMO201;Entrega en tienda;59,6;417,2
V909;C0227;E031;6;01/04/2022 10:39;PRD0066;5;PM02;PROMO201;Entrega en tienda;46,06;230,3
V910;C0217;E016;9;23/07/2022 6:51;PRD0007;6;PM02;PROMO101;Envío a domicilio;17,52;105,12
V911;C0214;E039;6;28/10/2023 3:59;PRD0069;5;PM01;PROMO102;Envío a domicilio;-59,6;-298
V912;C0114;E010;8;09/02/2023 17:24;PRD0079;1;PM03;PROMO205;Envío a domicilio;17,62;17,62
V913;C0067;E020;13;08/09/2022 14:57;PRD0027;9;PM03;PROMO102;Envío a domicilio;60,35;543,15
V914;C0151;E015;5;20/03/2022 12:35;PRD0050;8;PM05;PROMO301;Envío a domicilio;33,3;266,4
V915;C0127;E025;9;27/12/2023 18:49;PRD0031;10;PM03;PROMO203;Entrega en tienda;14,14;141,4
V916;C0083;E022;5;16/04/2023 3:48;PRD0063;2;PM05;PROMO205;Entrega en tienda;51,94;103,88
V917;C0169;E037;5;08/03/2022 12:12;PRD0070;1;PM01;PROMO104;Entrega en tienda;10,23;10,23
V918;C0175;E021;7;27/09/2022 8:01;PRD0056;10;PM02;PROMO201;Envío a domicilio;63,98;639,8
V919;C0046;E040;10;19/05/2023 18:30;PRD0005;2;PM01;PROMO101;Entrega en tienda;58,61;117,22
V920;C0157;E055;5;02/06/2022 18:07;PRD0004;8;PM03;PROMO301;Entrega en tienda;32,76;262,08
V921;C0212;E054;9;09/10/2022 11:17;PRD0056;3;PM03;PROMO102;Envío a domicilio;63,98;191,94
V922;C0018;E025;5;18/05/2022 22:52;PRD0092;4;PM05;PROMO101;Envío a domicilio;20,66;82,64
V923;C0044;E003;11;29/12/2023 7:10;PRD0019;6;PM03;PROMO301;Envío a domicilio;37,3;223,8
V924;C0214;E034;4;28/02/2023 22:35;PRD0061;3;PM05;PROMO204;Entrega en tienda;17,07;51,21
V925;C0137;E012;6;25/10/2022 19:02;PRD0012;3;PM03;PROMO202;Envío a domicilio;54,31;162,93
V926;C0025;E034;11;28/04/2022 0:06;PRD0094;3;PM03;PROMO201;Entrega en tienda;54,07;162,21
V927;C0144;E010;5;24/12/2023 9:27;PRD0085;9;PM02;PROMO102;Envío a domicilio;55,57;500,13
V928;C0062;E059;2;27/06/2023 18:49;PRD0047;3;PM02;PROMO104;Entrega en tienda;66,24;198,72
V929;C0169;E021;4;25/04/2022 22:01;PRD0072;2;PM03;PROMO102;Envío a domicilio;55,79;111,58
V930;C0039;E025;14;15/04/2023 6:33;PRD0085;2;PM05;PROMO201;Envío a domicilio;55,57;111,14
V931;C0035;E004;13;12/10/2022 21:16;PRD0059;2;PM02;PROMO104;Envío a domicilio;11,89;23,78
V932;C0100;E055;8;04/03/2022 8:12;PRD0044;7;PM01;PROMO104;Envío a domicilio;10,55;73,85
V933;C0124;E039;5;16/12/2022 15:27;PRD0086;8;PM02;PROMO205;Envío a domicilio;60,31;482,48
V934;C0097;E017;7;11/07/2023 21:11;PRD0027;2;PM02;PROMO103;Envío a domicilio;60,35;120,7
V935;C0179;E043;5;04/03/2023 22:41;PRD0053;1;PM05;PROMO103;Envío a domicilio;67,06;67,06
V936;C0107;E016;14;16/02/2023 15:23;PRD0083;4;PM02;PROMO101;Entrega en tienda;37;148
V937;C0177;E016;4;16/03/2022 21:01;PRD0020;5;PM05;PROMO301;Envío a domicilio;54,33;271,65
V938;C0159;E006;13;20/08/2023 9:11;PRD0096;5;PM05;PROMO205;Entrega en tienda;65,65;328,25
V939;C0124;E033;11;26/02/2023 7:36;PRD0071;9;PM02;PROMO201;Envío a domicilio;56,36;507,24
V940;C0017;E055;15;24/09/2022 1:20;PRD0005;5;PM03;PROMO202;Envío a domicilio;58,61;293,05
V941;C0147;E014;11;22/04/2022 10:21;PRD0067;6;PM05;PROMO104;Envío a domicilio;47,03;282,18
V942;C0200;E056;12;12/02/2023 18:59;PRD0097;4;PM05;PROMO101;Envío a domicilio;36,35;145,4
V943;C0185;E051;6;06/09/2023 18:22;PRD0038;1;PM03;PROMO202;Entrega en tienda;65,43;65,43
V944;C0047;E036;1;19/10/2023 13:27;PRD0074;10;PM03;;Envío a domicilio;-52,53;-525,3
V945;C0205;E048;7;24/12/2023 22:36;PRD0003;7;PM03;;Envío a domicilio;12,48;87,36
V946;C0248;E031;1;30/11/2023 5:53;PRD0064;7;PM01;PROMO103;Entrega en tienda;69,55;486,85
V947;C0191;E003;6;20/03/2022 1:24;PRD0038;7;PM01;PROMO301;Envío a domicilio;65,43;458,01
V948;C0244;E052;11;13/01/2023 18:37;PRD0038;2;PM01;PROMO205;Envío a domicilio;-65,43;-130,86
V949;C0079;E004;10;09/12/2022 6:32;PRD0072;8;PM02;PROMO104;Envío a domicilio;55,79;446,32
V950;C0046;E022;15;12/04/2022 22:06;PRD0028;3;PM03;PROMO101;Entrega en tienda;43,39;130,17
V951;C0148;E022;15;17/12/2022 4:18;PRD0017;8;PM05;PROMO103;Envío a domicilio;39,3;314,4
V952;C0075;E059;3;26/07/2022 17:23;PRD0036;6;PM03;PROMO103;Entrega en tienda;16,65;99,9
V953;C0120;E022;8;22/07/2022 11:05;PRD0015;5;PM01;PROMO102;Envío a domicilio;67,18;335,9
V954;C0148;E020;14;12/10/2022 23:23;PRD0068;4;PM01;PROMO104;Envío a domicilio;57,59;230,36
V955;C0132;E058;1;04/08/2023 1:25;PRD0073;5;PM05;PROMO102;Envío a domicilio;13,36;66,8
V956;C0225;E030;11;29/07/2023 1:38;PRD0092;3;PM02;PROMO101;Envío a domicilio;-20,66;-61,98
V957;C0130;E057;11;22/02/2023 7:49;PRD0078;1;PM05;PROMO201;Envío a domicilio;27,23;27,23
V958;C0222;E026;8;16/08/2023 11:51;PRD0081;2;PM03;PROMO104;Entrega en tienda;50,53;101,06
V959;C0153;E022;8;23/02/2023 8:52;PRD0086;10;PM02;PROMO204;Entrega en tienda;60,31;603,1
V960;C0077;E021;14;18/11/2023 17:50;PRD0006;1;PM02;PROMO204;Envío a domicilio;24,02;24,02
V961;C0163;E046;8;23/08/2023 6:49;PRD0036;8;PM03;PROMO203;Envío a domicilio;16,65;133,2
V962;C0172;E040;6;04/09/2022 21:00;PRD0092;10;PM02;PROMO301;Entrega en tienda;20,66;206,6
V963;C0165;E032;4;11/08/2022 11:12;PRD0074;2;PM02;PROMO203;Envío a domicilio;52,53;105,06
V964;C0131;E005;11;18/04/2023 6:35;PRD0010;10;PM02;PROMO202;Entrega en tienda;36,74;367,4
V965;C0070;E022;14;08/10/2023 2:17;PRD0088;1;PM01;PROMO204;Envío a domicilio;45,88;45,88
V966;C0223;E043;7;20/03/2022 4:53;PRD0100;2;PM05;PROMO101;Envío a domicilio;31,81;63,62
V967;C0023;E047;1;02/06/2023 3:02;PRD0066;8;PM02;PROMO101;Envío a domicilio;46,06;368,48
V968;C0201;E012;8;03/04/2023 16:52;PRD0039;8;PM05;PROMO205;Entrega en tienda;28,36;226,88
V969;C0109;E014;5;07/05/2023 23:35;PRD0049;6;PM01;PROMO205;Envío a domicilio;63,23;379,38
V970;C0119;E043;2;30/05/2022 23:55;PRD0003;9;PM05;PROMO101;Envío a domicilio;12,48;112,32
V971;C0204;E025;15;15/09/2023 22:39;PRD0024;1;PM03;PROMO104;Entrega en tienda;49,74;49,74
V972;C0229;E025;4;09/07/2022 18:31;PRD0082;5;PM03;PROMO104;Envío a domicilio;-18,4;-92
V973;C0158;E010;14;15/02/2023 8:55;PRD0100;6;PM02;PROMO104;Envío a domicilio;31,81;190,86
V974;C0247;E055;3;28/02/2023 4:22;PRD0024;3;PM02;PROMO104;Entrega en tienda;49,74;149,22
V975;C0083;E045;2;11/05/2023 20:12;PRD0051;9;PM02;PROMO104;Envío a domicilio;65,77;591,93
V976;C0123;E018;15;11/06/2022 9:08;PRD0090;7;PM03;PROMO104;Entrega en tienda;59,19;414,33
V977;C0113;E044;8;13/11/2023 10:00;PRD0057;10;PM05;PROMO104;Envío a domicilio;27,68;276,8
V978;C0203;E023;10;24/03/2022 4:42;PRD0011;8;PM02;PROMO301;Envío a domicilio;66,89;535,12
V979;C0245;E024;7;04/08/2022 2:36;PRD0012;3;PM03;;Entrega en tienda;54,31;162,93
V980;C0073;E014;14;14/12/2023 8:37;PRD0090;4;PM01;PROMO102;Envío a domicilio;59,19;236,76
V981;C0019;E037;4;22/07/2023 0:38;PRD0095;10;PM01;PROMO301;Envío a domicilio;54,58;545,8
V982;C0096;E044;14;10/08/2022 21:26;PRD0050;9;PM03;PROMO104;Envío a domicilio;33,3;299,7
V983;C0242;E026;2;13/09/2022 23:34;PRD0015;1;PM03;PROMO301;Envío a domicilio;67,18;67,18
V984;C0022;E027;13;02/10/2023 16:30;PRD0092;1;PM03;PROMO101;Envío a domicilio;20,66;20,66
V985;C0124;E049;13;06/05/2023 5:42;PRD0059;1;PM02;PROMO104;Entrega en tienda;11,89;11,89
V986;C0229;E015;13;13/10/2023 11:31;PRD0041;5;PM03;PROMO104;Envío a domicilio;38,55;192,75
V987;C0163;E013;12;08/02/2022 14:43;PRD0070;5;PM02;;Envío a domicilio;10,23;51,15
V988;C0111;E026;8;14/01/2023 9:58;PRD0052;8;PM01;PROMO103;Entrega en tienda;23,02;184,16
V989;C0159;E049;3;02/06/2023 12:10;PRD0046;3;PM02;PROMO102;Envío a domicilio;49,1;147,3
V990;C0144;E033;1;02/12/2022 16:43;PRD0063;4;PM05;PROMO101;Envío a domicilio;51,94;207,76
V991;C0003;E058;4;31/10/2022 14:48;PRD0068;2;PM03;PROMO202;Envío a domicilio;-57,59;-115,18
V992;C0063;E012;14;22/07/2022 19:52;PRD0079;8;PM02;PROMO104;Envío a domicilio;17,62;140,96
V993;C0043;E049;10;13/11/2022 19:31;PRD0096;8;PM01;PROMO103;Entrega en tienda;65,65;525,2
V994;C0146;E047;1;28/01/2023 7:29;PRD0097;10;PM05;PROMO301;Entrega en tienda;36,35;363,5
V995;C0198;E010;4;14/05/2023 1:39;PRD0085;3;PM03;PROMO101;Entrega en tienda;55,57;166,71
V996;C0030;E013;13;29/12/2022 11:22;PRD0072;8;PM05;PROMO202;Entrega en tienda;55,79;446,32
V997;C0194;E045;9;16/04/2023 15:13;PRD0004;8;PM05;;Envío a domicilio;32,76;262,08
V998;C0116;E043;3;13/11/2023 8:05;PRD0006;4;PM05;PROMO301;Entrega en tienda;24,02;96,08
V999;C0061;E033;4;27/01/2022 8:05;PRD0088;6;PM02;PROMO205;Envío a domicilio;45,88;275,28
V1000;C0025;E042;3;22/09/2022 2:31;PRD0090;9;PM05;PROMO203;Entrega en tienda;59,19;532,71
